"systems","mut","ddg_exp","backbone_vdwclash","backHbond","electro","energy_ionisation","energy_solvh","energy_solvp","energy_torsion","energy_vdw","energy_vdwclash","entropy_mainc","entropy_sidec","helix_dipole","kn_electrostatic","sideHbond","total","error"
"1a4y","WA261A",0.101,-0.2,-0.01,0,0,0.99,-0.66,-0.01,0.74,0.04,-0.35,0.11,0,0,0.21,1.07,0.969
"1a4y","WA263A",1.171,-0.09,0,-0.3,-0.03,1.79,-1.02,-0.02,1.36,-0.13,-0.43,-0.18,0,-0.25,0.04,0.82,0.351
"1a4y","EA287A",0.101,0,0,-0.07,0,-0.02,-0.09,0,0.01,0.02,0,0.07,0,0,0.07,-0.02,0.121
"1a4y","SA289A",0.042,-0.01,0.53,0,0,-0.11,0.01,0,0.03,0.05,-0.04,-0.05,0,0,0.6,1.02,0.978
"1a4y","WA318A",1.5,-0.16,-0.01,-0.01,0,1.37,-0.36,-0.01,0.91,-0.35,-0.19,0.04,0,0,0.18,1.57,0.0700000000000001
"1a4y","KA320A",-0.31,0,0,-0.13,-0.03,0.29,-0.55,0,0.31,0.02,-0.01,-0.19,0,-0.2,-0.27,-0.75,0.44
"1a4y","EA344A",0.179,0,0,-0.08,0,0.19,-0.74,0,0.23,-0.04,0,-0.03,0,-0.01,1.14,0.66,0.481
"1a4y","WA375A",1.035,-0.12,0,-0.05,0,2.17,-0.66,0,1.32,-0.07,-0.15,-0.13,0,-0.01,1.06,3.49,2.455
"1a4y","EA401A",0.883,0,0,-0.06,0,0.16,-0.46,0,0.16,-0.01,0,-0.02,0,0,0,-0.24,1.123
"1a4y","YA434A",3.261,-0.3,0,0,0,2.14,-1.52,0,1.59,-0.02,-0.45,0.04,0,0,0.04,1.83,1.431
"1a4y","YA434F",0.558,-0.2,0,-0.01,0,0.13,-0.87,0,0.34,0.8,-0.36,-0.05,0,0,0,-0.02,0.578
"1a4y","DA435A",3.484,-0.15,0.09,2.48,-0.16,0.45,-2.91,-0.06,0.61,-0.03,0.01,0.27,-0.09,0.56,0.44,1.66,1.824
"1a4y","YA437F",0.245,-0.05,0.01,0.95,-0.16,-0.25,-1.04,0.03,0.12,-0.04,-0.22,-0.51,0,0.37,1.77,1.03,0.785
"1a4y","YA437A",0.836,-0.24,-0.19,1.04,-0.2,2.52,-2.13,-0.06,1.77,-0.18,-0.57,-1.52,0,0.38,1.55,2.4,1.564
"1a4y","RA457A",-0.224,-0.04,1.44,-0.01,0,0.14,-0.68,0,0.35,0,-0.59,0.04,0.09,-0.08,1.44,2.16,2.384
"1a4y","IA459A",0.679,-0.11,-0.47,0.06,0,1.02,-0.6,-0.01,0.64,-0.02,0.16,0.25,0,0,-0.45,0.58,0.0990000000000001
"1a4y","RB5A",2.308,-0.22,1.32,2.83,0,1.62,-3.38,-0.16,2.06,-0.03,-0.35,-0.53,0.06,0.82,1.33,5.58,3.272
"1a4y","HB8A",0.904,-0.01,0,0.59,0,0.2,-0.84,0,0.28,0,0.08,-0.76,0,0.45,2.09,2.08,1.176
"1a4y","QB12A",0.3,0,0,0.03,0,0.31,-0.57,0,0.37,0,-0.01,-0.51,0,0,1.22,0.84,0.54
"1a4y","HB13A",-0.297,0,0,0.17,0,0.04,0,0,0.02,0,0,0.04,0,0,0.04,0.31,0.607
"1a4y","RB31A",0.25,0,0.01,3.59,0,0.5,-1.89,-0.03,1.03,-0.9,-0.45,-2.46,-0.04,0.41,2.08,1.84,1.59
"1a4y","RB32A",0.91,-0.13,0.02,1.49,0,0.64,-1.31,-0.05,0.68,-0.13,-0.4,-1.81,0,0.58,2.03,1.74,0.83
"1a4y","RB33A",0.327,-0.01,0,0.21,0,0.01,-0.05,0,0.02,0,0,-0.01,0,0.13,0,0.31,0.017
"1a4y","KB40G",3.235,-0.1,0.04,1.75,-0.12,1.36,-1.98,-0.02,0.97,-0.07,-0.01,0.31,0,0.37,0.49,3.09,0.145
"1a4y","KB40Q",4.251,-0.03,0.01,1.7,-0.12,0.19,-0.72,0,-0.02,-0.01,-0.23,0.21,0,0.37,0.43,1.82,2.431
"1a4y","RB66A",0.203,0,0,0.02,0,0,0,0,0,0.03,0,0.03,0,0.02,0,0.1,0.103
"1a4y","NB68A",0.118,0,-0.02,0,0,0.01,-0.06,0,0.03,-0.1,0.17,0.02,0,0,0,0.04,0.078
"1a4y","RB70A",-0.232,0,-0.04,0.01,0,-0.01,0.05,0,-0.02,0,0.04,0.02,0,0,0,0.06,0.292
"1a4y","HB84A",0.17,0,0,0.08,-0.03,0.72,-0.65,-0.01,0.64,-0.13,0,-0.58,0,0.01,0.77,0.82,0.65
"1a4y","WB89A",0.24,-0.13,0,-0.03,0,1.92,-1.43,-0.01,1.35,-0.05,-0.02,-0.57,0,0,1.06,2.22,1.98
"1a4y","EB108A",-0.323,-0.11,0.02,1.16,-0.16,0.46,-2.06,-0.06,0.61,0,-0.19,0.25,0.05,-0.21,1.76,1.64,1.963
"1a4y","HB114A",0.657,-0.15,0,0.75,-0.22,1.19,-1.89,-0.06,1.04,0,-0.39,-0.4,0,0.39,0,0.4,0.257
"1brs","KA27A",5.124,-0.3,0,0.96,0,0.87,-2.71,0,0.91,0.01,0,-1.43,0.12,0.23,1.57,0.54,4.584
"1brs","WA35F",1.26,-0.24,0,0.54,0,0.31,-0.81,0,0.34,-0.01,-0.07,0.14,0,0.02,0.08,0.54,0.72
"1brs","DA54A",-0.528,-0.2,0,0.28,0,0.14,-0.99,0,0.25,0,0,-0.18,-0.04,-0.21,0.45,-0.3,0.228
"1brs","NA58A",3.09,-0.18,-0.02,-0.03,0,0.02,0.08,0,0,-0.05,0.16,-0.01,0.01,-0.01,-0.01,0.15,2.94
"1brs","RA59A",4.987,-0.24,0.05,1.81,0,1.63,-2.73,-0.05,1.76,-0.03,-0.06,-2.85,-0.2,0.6,1.42,1.34,3.647
"1brs","RA59K",2.487,0.07,0.03,1.33,0,0.04,-1.54,-0.05,0.78,0,0,-1.74,-0.1,0.3,1.44,0.47,2.017
"1brs","EA60A",0.094,-0.46,0.82,-0.46,-0.01,1.07,-1.53,0,0.82,-0.02,0.16,-1.29,0.66,-0.26,0.88,0.85,0.756
"1brs","EA73C",2.528,-0.05,0,-0.25,-0.01,0.21,-1.04,0.01,0.29,0.02,0,0.22,0.03,-0.42,0.23,-0.71,3.238
"1brs","EA73S",3.009,-0.01,0.04,-0.17,-0.02,0.37,-1.29,0.01,0.42,0.03,0,0.09,0.04,-0.42,0.65,-0.26,3.269
"1brs","EA73W",1.657,0,0.01,-0.69,-0.01,0.08,-0.32,0,0.11,0.01,-0.02,-0.06,0.02,-0.42,0.07,-1.23,2.887
"1brs","EA73F",2.234,0.16,-0.01,-1.36,-0.01,0.03,0.12,0.01,0.03,0.04,0,-0.04,-0.05,-0.45,-0.28,-1.96,4.194
"1brs","EA73Y",2.413,-0.08,-0.01,-0.84,0,-0.01,-0.68,0,0.08,0.26,0.01,-0.25,0.03,-0.43,0.08,-1.77,4.183
"1brs","EA73Q",1.451,-0.02,0,-0.55,0,0.05,-0.73,0.01,0.1,-0.01,0,0.15,0.03,-0.42,0.31,-1.06,2.511
"1brs","EA73A",2.352,0.18,-0.02,-0.88,-0.01,0.04,-0.03,0,0.04,0.12,0.01,0.22,-0.06,-0.45,-0.24,-1.26,3.612
"1brs","RA83Q",5.418,-0.3,0.75,1.91,0,0.32,-1.24,-0.01,0.65,0,-0.24,-0.17,0.16,0.36,1.06,3.56,1.858
"1brs","RA87A",5.756,-0.04,0.01,2.34,-0.02,0.09,-1.33,-0.02,0.36,-0.02,0.12,-0.1,0.04,0.37,0.74,2.59,3.166
"1brs","HA102Q",4.549,-0.16,0.66,0.05,-0.12,0.39,-0.59,0.02,0.42,0.01,0,0.6,0,0,0.97,2.42,2.129
"1brs","HA102D",4.549,-0.16,-0.03,0.9,-0.12,0.87,-0.01,0.02,0.74,0,0,-0.53,-0.06,0.37,1.75,3.91,0.639
"1brs","HA102A",6.344,-0.23,0.75,0.35,-0.12,1.19,-2.02,0,1.26,0.06,0.73,-0.5,0,0,2.51,4.2,2.144
"1brs","HA102L",7.663,-0.06,0.63,0.08,-0.12,-0.82,-1.2,0.03,0.17,1.39,0.01,0.05,0,0,2.45,2.68,4.983
"1brs","HA102G",6.818,-0.24,0.76,0.35,-0.12,1.79,-2.28,-0.01,1.59,-0.05,0.67,-0.47,0,0,2.52,4.74,2.078
"1brs","YD29A",3.469,-0.19,0.43,0.01,-0.02,1.56,-1.53,-0.05,1.4,-0.91,-0.04,-0.28,0,0,0.61,1.17,2.299
"1brs","YD29F",-0.132,-0.01,0.41,-0.02,0,-0.09,-0.5,0.13,0.15,-0.81,-0.3,-0.14,0,0,0.39,-0.79,0.658
"1brs","DD35A",4.284,-0.39,1,0.98,-0.01,0.71,-3.09,-0.03,0.96,-0.03,-1.06,-0.58,0.02,0.05,1.03,-0.04,4.324
"1brs","WD38F",1.642,0.07,0,0.43,0,-0.11,-0.17,0.01,-0.01,0.09,0.05,0.07,-0.02,-0.08,-1.22,-0.96,2.602
"1brs","DD39A",6.79,-0.05,0.04,3.19,-0.02,0.33,-3.66,-0.01,0.95,0.01,0.07,-0.5,0.06,0.13,3.19,3.78,3.01
"1brs","TD42A",1.857,-0.09,0.03,0.69,0,0.11,-1.55,0,0.34,0.02,0.02,-0.92,0.04,0.02,1.59,0.38,1.477
"1brs","WD44F",0.056,0.11,0.01,0.04,0,0.28,-0.09,-0.03,0.18,-0.03,0.91,-0.01,0,0,0,1.25,1.194
"1brs","ED76A",1.093,0.02,0.03,1.07,0,0.21,-1.07,-0.02,0.39,0,-0.03,-1.49,-0.01,0.26,1.46,0.79,0.303
"1brs","ED80A",0.477,0,0,0.04,0,0,0,0,0,0,0,0,0.05,0.04,0,0.13,0.347
"1cbw","TI11A",0.22,0.01,0,0,0,0.4,-0.27,-0.01,0.29,-0.03,0.02,-0.06,0,0,0,0.34,0.12
"1cbw","GI12A",0.679,-0.25,-0.52,-0.05,0,-0.12,0.77,-0.02,-0.2,0.06,-0.47,0.9,0,-0.01,-0.43,-0.08,0.759
"1cbw","PI13A",-0.056,0.25,0.01,-0.01,0,0.15,0.02,0,0.06,-0.03,0.29,0.09,0,0,0,0.58,0.636
"1cbw","KI15V",2.135,-0.58,0.34,0.08,0,0.16,-2.9,0.57,0.65,1.79,-0.34,-0.63,0,0.05,0.4,0.17,1.965
"1cbw","KI15R",-0.614,0.32,-1.71,-0.1,0,0.35,0.71,0,-0.79,2.01,-0.23,0.84,0,-0.05,-1.85,-0.81,0.196
"1cbw","KI15T",2.086,-0.69,0.09,0.08,0,1.4,-2.17,0.11,0.97,0.47,-0.27,-0.58,0,0.05,0.07,0.23,1.856
"1cbw","KI15H",0.099,-0.23,-0.18,-0.14,0.43,0.3,0.09,-0.01,-0.06,0.21,-0.2,-0.74,0,-0.06,-0.08,-0.43,0.529
"1cbw","KI15I",2.93,-0.5,0.32,0.05,0,-0.83,-2.5,1.16,0.11,2.56,-0.32,-0.06,0,0.05,0.39,0.94,1.99
"1cbw","KI15A",2.091,-0.78,0.54,0.08,0,1.76,-3.49,-0.09,1.52,-0.13,-0.08,-1.05,0,0.05,0.42,-0.47,2.561
"1cbw","KI15Y",-2.614,0.11,-0.2,0.06,0,-0.87,-1.28,0.04,-0.73,0.01,0.15,-0.17,0,0.05,-0.03,-2.97,0.356
"1cbw","KI15N",1.324,-0.58,0.13,0.08,0,1.32,-1.71,0.04,0.68,0.22,-0.52,-0.34,0,0.05,0.13,0.09,1.234
"1cbw","KI15Q",0.306,-0.4,0.34,0.08,0,0.92,-1.49,-0.03,0.5,-0.07,-0.43,0.01,0,0.05,0.42,0.31,0.004
"1cbw","KI15F",-1.964,-0.1,0.24,0.08,0,-0.86,-2.1,-0.07,-0.36,-0.03,-0.23,-0.29,0,0.05,0.42,-3.14,1.176
"1cbw","KI15D",5.215,-0.66,0.44,0.38,0,1.36,-0.94,-0.07,0.87,-0.07,-0.43,-0.56,0,0.19,0.42,1.59,3.625
"1cbw","KI15S",3.39,-0.74,0.52,0.08,0,2.22,-2.83,-0.08,1.42,-0.12,-0.25,-0.64,0,0.05,0.42,0.78,2.61
"1cbw","KI15E",3.866,-0.42,0.32,0.32,0,0.77,-0.4,-0.03,0.41,-0.07,-0.33,0.09,0,0.17,0.42,1.67,2.196
"1cbw","KI15L",-1.581,-0.46,0.31,0.08,0,-0.51,-2.51,0.05,0.24,-0.07,-0.43,-0.08,0,0.05,0.42,-2.45,0.869
"1cbw","KI15W",-2.435,-0.11,0.13,0.08,0,-1.94,-0.64,-0.01,-1.41,2.09,-0.01,-0.1,0,0.05,0.42,-1.35,1.085
"1cbw","KI15G",4.113,-0.95,0.63,0.08,0,2.65,-3.91,-0.14,2.02,-0.17,-0.12,-1.07,0,0.05,0.42,0.45,3.663
"1cbw","KI15M",-1.415,-0.44,0.31,0.08,0,-0.82,-2.32,-0.05,-0.29,0.21,-0.12,0.26,0,0.05,0.42,-2.27,0.855
"1cbw","RI17A",0.548,0.05,0.39,-0.3,0,1.57,-2.26,-0.11,1.68,0.06,-0.15,-1.75,0,0.06,0.39,-0.41,0.958
"1cbw","II18A",1.401,0.22,-0.06,0,0,0.1,0.28,-0.02,-0.07,0.02,0.24,-0.13,0,0,0,0.37,1.031
"1cbw","II19A",0.141,0.04,-0.02,0,0,0.56,0.02,-0.01,0.25,-0.01,-0.3,-0.09,0,0,0,0.41,0.269
"1cbw","RI20A",0.35,0,0,0.17,0,-0.01,0,0,0,0,0,0,0,0.07,0,0.23,0.12
"1cbw","FI33A",0.141,0,-0.01,0,0,-0.02,0.01,0,0,0,0,0,0,0,0,-0.02,0.161
"1cbw","VI34A",0.051,0.09,-0.02,-0.01,0,0.42,-0.01,-0.03,0.2,0.08,0.17,-0.18,0,0,0,0.62,0.569
"1cbw","YI35A",0.876,0.19,-0.05,0.01,0,-0.15,0.19,-0.01,-0.13,-0.01,0.27,0.01,0,0,0,0.13,0.746
"1cbw","GI36A",0.954,-0.38,-0.55,-0.06,0,-0.19,0.48,-0.04,-0.14,0.33,-0.46,0.87,0,-0.01,-0.46,-0.21,1.164
"1cbw","GI37A",0.813,0,0.07,0.03,0,-0.03,0,-0.01,0.08,1.91,-0.15,-0.01,0,0.01,0.02,1.91,1.097
"1cbw","RI39A",0.22,-0.28,1.56,-0.06,0,1.41,-1.31,-0.03,1.16,-0.1,-0.06,-1.8,0,-0.09,1.6,2.28,2.06
"1cbw","KI46A",0.141,0,0,-0.01,0,0,0,0,0,0,0,0.01,0,-0.01,0,-0.01,0.151
"1iar","IA5A",1.171,-0.04,-0.35,0.04,0,1.31,-0.06,-0.01,0.66,-0.13,-0.05,-0.21,0,-0.01,-0.06,1.13,0.0410000000000001
"1iar","IA5R",0.796,0.55,-1.7,0.05,0,0.03,2.41,0.02,-0.91,-0.08,0.75,1.38,0,-0.1,-2.14,-0.26,1.056
"1iar","TA6A",-0.104,-0.03,-0.06,0.02,0,0.2,0.08,0,0.15,0.02,0,-0.18,0,0,1.05,1.29,1.394
"1iar","TA6D",1.392,-0.03,-0.06,0.54,0,0.15,0.97,0,0.02,0.07,0,-0.09,0,0.06,1.01,2.66,1.268
"1iar","QA8R",0.039,-0.11,-0.01,-0.04,0.03,0.14,-1.11,0.07,0.18,0.01,-0.36,-0.83,0,0,1.99,0.09,0.051
"1iar","QA8A",-0.022,0.01,0.02,0.01,0,0.02,0,0,0.01,0,0,0.02,0,0,0,0.07,0.092
"1iar","EA9Q",3.111,0.03,-0.39,1.37,0,-0.06,-0.81,-0.01,-0.18,1.34,0.16,0.78,0,-0.23,1.33,3.32,0.209
"1iar","IA11A",0.069,0,0.03,0,0,0,-0.03,0,0.01,-0.01,0,0,0,0,0,0.02,0.049
"1iar","KA12E",0.139,0.01,-0.03,-0.16,0,0.67,-1.98,0,0.65,-0.1,-0.61,-1.28,0.08,-0.15,2.88,-0.03,0.169
"1iar","KA12S",-0.015,0.03,0.06,0.21,0.01,0.8,-2,0,0.65,0.44,-0.63,-1.54,0,0.04,2.74,0.78,0.795
"1iar","TA13A",0.978,0.07,-0.36,0,0,-0.1,-0.19,0,0.03,0.17,0,0.07,0,0,-0.11,-0.48,1.458
"1iar","TA13D",-0.219,0,0.08,-0.13,0,-0.15,0.55,0,-0.11,0.06,0,-0.1,0,0.29,0.67,1.17,1.389
"1iar","NA15A",-0.034,0,0.02,0.01,0,0,0,0,0,0,0,0,0,0,0,0.03,0.064
"1iar","NA15D",-0.078,0,0.01,-0.02,0,0,0,0,0,0,0,0.02,0,0,0,0.01,0.088
"1iar","SA16A",-0.183,0,0,0,0,0,0,0,0,0,0,0,0,0,0.01,0.02,0.203
"1iar","SA16D",-0.104,0,-0.01,0.14,0,-0.04,0.12,0,-0.03,0,0,-0.07,0,0.12,0.02,0.27,0.374
"1iar","EA19R",-0.117,0,0.04,0.06,0,-0.03,0.07,0,-0.04,0,0,0.04,0,-0.08,-0.19,-0.12,0.00299999999999999
"1iar","EA19A",-0.32,0,0,0,0,0,0,0,0,0,0,0.01,0,-0.04,0,-0.02,0.3
"1iar","RA53Q",0.835,0,0.01,-0.03,0,0.58,-0.24,-0.07,0.52,0.14,0.23,0.33,0,0.08,0.14,1.7,0.865
"1iar","KA77A",0.154,0,0,0.09,0,0,0,0,0,0,0,-0.02,0,0.08,0,0.15,0.004
"1iar","KA77E",0.612,0,0,0.24,0,0,0,0,0,0,0,-0.13,0,0.23,0,0.34,0.272
"1iar","QA78A",0.125,0,0,-0.14,0,0.16,-0.24,0,0.16,0,0,-0.69,0,0,1.55,0.8,0.675
"1iar","QA78E",0.245,0,0,0.16,0,0.03,-0.06,0,0.07,0,0,-0.75,0,0.27,1.6,1.34,1.095
"1iar","RA81A",0.479,0,0.84,2.47,0,0.53,-2.45,-0.01,0.94,0,-0.18,-1.19,0,0.84,0.06,1.87,1.391
"1iar","RA81E",1.461,0,0.84,2.92,0,0.45,-2.33,0,0.88,0,-0.18,-1.26,-0.02,1.36,0.09,2.75,1.289
"1iar","FA82A",-0.086,0.03,0.01,0.32,0,0.3,-0.55,-0.01,0.3,0.01,0,0.28,0,0,0.06,0.72,0.806
"1iar","FA82D",-0.58,0.03,-0.02,0.73,0,0.39,-0.34,-0.01,0.28,0,0,0.1,0,0.35,0.01,1.51,2.09
"1iar","KA84D",1.879,-0.03,0.04,0.51,0,-0.03,0.23,0,-0.07,0,-0.01,-0.68,0,0.66,0.06,0.71,1.169
"1iar","KA84A",0.345,0,-0.01,0.34,0,0.03,-0.03,-0.01,0.02,0,-0.01,-0.13,0,0.28,0.07,0.57,0.225
"1iar","RA85A",0.427,-0.07,1,2.63,0,1.38,-3.53,-0.01,1.86,-0.05,-0.46,-1.38,-0.02,0.69,1.37,3.51,3.083
"1iar","RA85E",1.224,-0.06,0.3,2.26,0,0.44,-1.05,0,0.9,-0.06,0.2,-0.26,0.02,1,0.83,4.6,3.376
"1iar","RA88Q",2.828,0.04,-0.04,2.62,0,0.33,-1.62,-0.05,0.69,-0.01,-0.09,-0.09,0.02,0.62,0.24,2.63,0.198
"1iar","RA88A",3.753,0.22,0.04,2.55,0,1.4,-2.34,-0.06,1.49,-0.01,-0.09,-1.46,0.02,0.61,1.52,3.67,0.0830000000000002
"1iar","NA89A",1.558,-0.06,0.67,0,0,0.17,-0.67,-0.02,0.41,0,-0.01,0.95,0,0,0.71,2.23,0.672
"1iar","WA91D",1.306,-0.01,0.02,-0.43,0,1.05,-0.05,-0.02,0.57,-0.01,0.28,-0.12,0,0.04,0.03,1.37,0.0640000000000001
"1iar","WA91A",0.729,-0.06,0.03,-0.04,0,1.21,-0.55,-0.02,0.73,-0.01,0.24,-0.17,0,0,0.08,1.52,0.791
"1jtg","QA99A",0.429,-0.14,0,0,0,0.58,-0.6,-0.01,0.5,0,0.31,-0.61,0,0,0,0.15,0.279
"1jtg","NA100A",-0.456,-0.18,0,0.05,0,0.18,-0.48,-0.03,0.24,0,-0.08,-0.2,0,0,0,-0.34,0.116
"1jtg","VA103A",1.91,-0.01,0.01,0.04,0,0.42,-0.25,0,0.3,-0.03,0.07,0.01,0,0,0.02,0.56,1.35
"1jtg","EA104K",4.233,0.03,1.05,2.28,0,-0.69,-0.03,0.01,-0.23,0.07,0,0.19,0,0.19,1.36,4.2,0.0329999999999995
"1jtg","EA104A",1.66,-0.06,0.96,1.92,0,1.24,-3.22,-0.02,1.24,0.11,-0.08,-0.95,0,0.1,1.41,2.7,1.04
"1jtg","YA105A",-0.168,-0.37,0.67,-0.28,0,2.66,-2.58,-0.01,2.17,0.03,-0.15,-0.23,0,0,0.78,3.04,3.208
"1jtg","PA107A",-0.383,0.68,0.07,0,0,0.35,0.27,0.01,0.13,-0.1,0.32,0.02,0,0,0,1.06,1.443
"1jtg","EA110A",4.06,-0.04,0.06,-0.29,0,0.67,-2.04,0,0.81,-0.03,0,-1.67,-0.01,-0.15,3.26,0.59,3.47
"1jtg","MA129A",0.738,0.04,0,0.08,0,1.44,-0.45,-0.02,0.95,-0.18,-0.03,-0.26,0,0,0,1.5,0.762
"1jtg","SA130A",0.563,0.02,0.06,0.58,0,-0.15,-0.73,0,0.1,0.1,0.13,-0.31,0,0.03,1.64,1.44,0.877
"1jtg","EA168A",-0.073,-0.2,0.77,0.47,0,0.21,-1.04,-0.01,0.49,0,-0.58,-0.11,-0.01,0.25,-0.86,-0.45,0.377
"1jtg","VA216A",-0.407,-0.05,0,0.12,0,0.83,-0.43,-0.02,0.46,-0.05,0,-0.02,0,0,0.08,0.95,1.357
"1jtg","KA234A",1.222,0.02,0.06,1.36,0,-0.03,-0.83,-0.01,0.05,-0.02,0.16,0.57,0,0.19,0.05,1.53,0.308
"1jtg","SA235A",1.239,0,0.01,0.06,0,-0.05,-0.08,0,0.06,-0.05,0,-0.09,0,0,1.84,1.69,0.451
"1jtg","GA238S",-1.631,0,-0.17,0,0,0.08,-0.01,0.12,0.05,0.26,-0.03,-0.01,0,0,-0.01,0.26,1.891
"1jtg","RA243A",1.302,-0.03,0.04,1.24,0,0.05,-0.72,-0.01,0.19,-0.01,0.02,0.15,0,0.22,0.59,1.73,0.428
"1jtg","TB32K",0.199,-0.01,0,0.01,0,-0.01,0,0,-0.01,0,0,0,0,0,0,-0.01,0.209
"1jtg","FB36A",3.2,-0.29,0.05,0.09,0.01,1.71,-0.51,-0.05,1.02,-0.04,-0.12,-0.09,-0.04,0.02,0.09,2.12,1.08
"1jtg","HB41A",3.248,0,0.01,0.02,-0.01,0.33,-0.24,-0.01,0.22,-0.04,0,0.4,0,0,0.09,0.74,2.508
"1jtg","DB49A",1.959,-0.1,0.05,2.13,0,0.55,-3.5,-0.01,0.97,-0.07,0.66,-0.95,0.07,0.33,4.22,4.44,2.481
"1jtg","YB50A",-0.407,-0.01,0,0.01,0.01,2.06,-0.37,0,1.23,-0.27,0.07,-0.3,0,0,0.02,2.45,2.857
"1jtg","YB53A",2.077,-0.06,0.07,0.01,0.02,0.95,-0.69,-0.02,0.73,-0.07,0.03,1.01,0,0,-0.03,1.98,0.097
"1jtg","SB71A",0.358,-0.01,0.04,-0.03,0,0.09,-0.64,0,0.25,-0.04,0,-0.36,-0.01,-0.01,1.73,1.02,0.662
"1jtg","KB74A",3.69,-0.06,0.18,1.4,0,0.77,-1.08,-0.01,0.59,-0.04,0.66,0.03,-0.02,0.25,0.91,3.61,0.0800000000000001
"1jtg","NB89K",-0.455,0,0,0,0,0,0,0,0,0,0,0,0,0,0,0,0.455
"1jtg","VB93K",-0.476,0,0,-0.02,0,0,0,0,0,0,0,0.02,0,-0.02,0,-0.02,0.456
"1jtg","WB112A",3.009,-0.06,0.02,-0.07,0.01,1.77,-0.91,0,1.15,-0.14,0.03,0.14,0,0,0.06,2.06,0.949
"1jtg","SB113A",-0.168,0.01,0,0,0,-0.06,-0.18,0,0.03,0.07,0,-0.28,0,0,1.27,0.84,1.008
"1jtg","TB140K",-0.014,0.01,0,-0.04,0,0.03,0,0,0.01,0,0,0.06,0.09,-0.06,0,0.07,0.084
"1jtg","FB142A",2.662,-0.05,0.1,0.36,0,2.72,-1.47,-0.01,1.89,0.01,-0.12,-0.66,0,0,0.1,2.9,0.238
"1jtg","YB143A",0.382,0,0.06,0.65,0,0.71,-0.1,-0.02,0.45,0.01,0,0,0,0,0.25,2.01,1.628
"1jtg","HB148A",2.747,-0.19,0,0,-0.03,0.58,-0.98,-0.01,0.55,-0.01,-0.05,0.15,0,0,0.06,0.25,2.497
"1jtg","WB150A",4.252,-0.54,0,0,0.01,1.44,-1.17,-0.02,1.1,-0.01,0,-0.25,0,0,0.06,1.14,3.112
"1jtg","RB160A",2.221,-0.17,0.75,0.75,0,0.62,-1.6,-0.03,0.92,-0.02,-0.59,-1.26,-0.03,0.43,0.77,0.7,1.521
"1jtg","WB162A",2.34,-0.02,0,0.01,0,1.41,-1.36,0,1.12,-0.19,-0.1,-0.16,0,-0.02,0,0.68,1.66
"1jtg","DB163A",-1.34,0,0,-0.41,0,0.04,-0.21,0,0.04,0.02,-0.08,0.42,0,-0.36,0,-0.54,0.8
"1jtg","DB163K",-1.982,0,0,-1.04,0,0.04,0.1,0.01,-0.01,0.03,0.08,1,0,-0.49,-0.71,-1.02,0.962
"1lfd","RA20A",1.136,0,0.03,0.36,0,0.04,-0.33,0,0.11,-0.01,0,0.35,-0.03,0.19,0.03,0.75,0.386
"1lfd","SA22K",-0.118,-0.02,0.02,-0.01,0,0,0,0,0,0,0.98,0.07,0,0.01,0,1.06,1.178
"1lfd","LA23K",-0.015,0,0,-0.01,0,0,0,0,0,0,0,0.01,0,-0.01,0,0,0.015
"1lfd","NA27K",0.403,-0.12,0.02,0.02,0,0.06,-0.3,-0.01,0.14,0,0.46,0.08,-0.02,0.01,0,0.47,0.0669999999999999
"1lfd","MA30K",-0.92,-0.06,0.11,0.04,0,0.71,-0.24,0.03,0.48,-0.02,0.03,-0.29,-0.02,0.03,0,0.85,1.77
"1lfd","KA32A",1.326,0.14,-0.25,0.58,0,0.54,-0.3,0,0.33,1.45,0.02,-0.4,-0.01,0.33,-0.85,1.44,0.114
"1lfd","KA48A",0.258,0,-0.02,0.07,0,0.07,-0.05,0,0.05,-0.01,0.17,-0.04,0,0.05,0,0.29,0.032
"1lfd","DA51K",-1.086,0,0,-0.06,0,-0.01,0,0,-0.01,0,0,0.03,0,-0.05,0,-0.09,0.996
"1lfd","DA51A",-0.579,-0.01,0,-0.05,0,-0.01,0.05,0,-0.01,0,0.01,0,0,-0.03,0,-0.03,0.549
"1lfd","KA52A",1.179,-0.05,0.65,0.96,0,0.63,-2.38,0,0.75,-0.06,-0.07,-1.35,-0.02,0.32,1.61,1.04,0.139
"1lfd","NA54K",-1.168,-0.03,0,-0.46,0,0.16,-0.44,0,0.26,0,-0.29,-1.28,-0.01,-0.09,2.08,-0.06,1.108
"1lfd","LA55K",-0.571,0,0,-0.01,0,0,0,0,0,0,-0.32,-0.02,0,-0.01,0,-0.35,0.221
"1lfd","DA56A",-0.28,0,0,0.03,0,0,0,0,0,0,0,0,0,0.02,0,0.04,0.32
"1lfd","EA57K",-0.284,0,0,0.03,0,0,0,0,0,0,0,-0.01,0,0.01,0,0.04,0.324
"1lfd","EA57A",-0.246,0,0,0.02,0,0,0,0,0,0,0,0,0,0.01,0,0.03,0.276
"1lfd","DA58K",-0.906,0,0,0.03,0,0,0,0,0,0,0,0,0,0.01,0,0.04,0.946
"1lfd","NA92K",-0.563,0,0,-0.02,0,-0.02,0.11,0,-0.04,-0.01,0,0.4,0.02,-0.03,0.01,0.43,0.993
"1lfd","YA93K",0.077,0,0,-0.08,0,0,0,0,0,0,0,0.06,0.02,-0.06,0,-0.06,0.137
"1lfd","DA94K",-1.146,0,0,-0.71,0,-0.05,0.4,0,-0.14,0,0,0.52,0.02,-0.19,-0.2,-0.35,0.796
"1ppf","KI13D",0.623,0,0,0,0,-0.02,0.1,0,-0.04,0,0.19,0.03,0,-0.07,0,0.19,0.433
"1ppf","KI13Q",0.246,0,0,0,0,0.01,0.02,0,-0.01,0,0,0,0,-0.01,0,0.03,0.216
"1ppf","KI13T",0.164,0,0,0,0,0.01,0.01,0,-0.01,0.01,0.17,0,0,-0.01,0,0.18,0.016
"1ppf","KI13I",0.623,0,0,0,0,-0.02,0,0,-0.01,0,-0.02,0.01,0,-0.01,0,-0.04,0.663
"1ppf","KI13L",0.396,0,0,0,0,0.02,-0.02,0,0.01,0,0,0,0,-0.01,0,0,0.396
"1ppf","KI13P",1.249,0.02,-0.01,0,0,0.01,-0.01,0,0.01,0,0.01,-0.01,0,-0.01,0,-0.02,1.269
"1ppf","KI13V",0.859,0,0,0,0,-0.02,0,0,-0.01,0,-0.02,0.01,0,-0.01,0,-0.04,0.899
"1ppf","KI13W",0.82,0.18,0,0,0,-0.47,0.46,0,-0.37,0.01,0.12,0.19,0,-0.01,0,-0.08,0.9
"1ppf","KI13G",1.232,0,0,0,0,0.04,-0.04,0,0.02,0,0.01,0,0,-0.01,0,0.02,1.212
"1ppf","KI13Y",0.499,0,0,0,0,-0.12,0.34,0,-0.15,0,0.06,0.01,0,-0.01,0,0.13,0.369
"1ppf","KI13H",1,0.01,-0.01,0,0,-0.21,0.4,0,-0.22,0,0.15,0.04,0,-0.01,0,0.15,0.85
"1ppf","KI13M",0.205,0.01,-0.02,0,0,-0.52,0.23,0.02,-0.32,0.04,0.03,0.17,0,-0.01,0,-0.37,0.575
"1ppf","KI13N",0.651,0,0,0,0,-0.02,0.11,0,-0.04,0,0.17,0.01,0,-0.01,0,0.23,0.421
"1ppf","KI13S",0.454,0,0,0,0,-0.07,0,0,-0.04,0.01,0.24,0.04,0,-0.01,0,0.17,0.284
"1ppf","KI13R",-0.632,0.31,-1.14,-0.2,0,-0.6,1.43,0.04,-0.8,0.1,0.27,1.2,0,-0.05,-1.18,-0.93,0.298
"1ppf","KI13F",0.949,0,0,0,0,0,0.02,0,-0.01,0,0,-0.01,0,-0.01,0,0,0.949
"1ppf","KI13A",0.746,0,0,0,0,0,-0.01,0,0,0,0,0,0,-0.01,0,-0.02,0.766
"1ppf","KI13C",0.949,0,0,0,0,0.02,-0.02,0,0.01,0,0,0,0,-0.01,0,0,0.949
"1ppf","KI13E",1.117,0.01,0,-0.03,0,-0.04,0.14,0,-0.05,0,0.21,0.04,0,-0.09,0,0.19,0.927
"1ppf","PI14S",-0.564,0,0,0,0,0.02,0,0,-0.01,0,0.15,0.01,0,0,0,0.18,0.744
"1ppf","PI14F",-1.831,0.09,0.01,0.14,0,-1.41,0.61,0,-0.98,0.08,0.08,0.63,0,0,0,-0.83,1.001
"1ppf","PI14A",-0.122,0,0,0,0,-0.03,0.01,0,-0.03,0.01,0.18,0.01,0,0,0,0.16,0.282
"1ppf","PI14Y",-0.949,0.05,0,0.06,0,-0.77,0.35,0,-0.55,0.03,0.38,0.73,0,0,-0.85,-0.6,0.349
"1ppf","PI14L",-2.883,0.1,0,0.01,0,-0.7,0.1,0.04,-0.36,0.08,0.21,-0.06,0,0,0,-0.69,2.193
"1ppf","PI14R",-0.136,0.04,0.01,0.26,0,-0.3,0.22,0,-0.25,0.02,0.1,-0.05,0,0.17,0,0.17,0.306
"1ppf","PI14K",-0.442,0.08,0,0.12,0,-0.29,0.19,0,-0.19,0.03,0.05,0.16,0,0.11,0,0.18,0.622
"1ppf","PI14N",-0.632,0.03,0,0,0,-0.02,0.03,0,-0.02,0,0.18,0.01,0,0,0,0.18,0.812
"1ppf","PI14D",-0.486,0.02,0,-0.17,0,-0.01,0.02,0,-0.02,0,0.15,0.1,0,-0.16,0,-0.1,0.386
"1ppf","PI14E",-1.409,0.09,0,-0.15,0,-0.12,0.03,0,-0.08,0.01,-0.02,0.16,0,-0.17,0,-0.34,1.069
"1ppf","PI14H",-1.741,0.11,0,0.04,0.01,-0.96,1.31,0,-1.01,0.11,0.11,1.27,0,0,-1.45,-0.57,1.171
"1ppf","PI14Q",-0.8,0.1,0.01,0.01,0,-0.65,0.64,0,-0.58,0.05,-0.15,0.34,0,0,0,-0.33,0.47
"1ppf","PI14T",-0.261,0.04,0,0,0,0,0.02,0,-0.02,0.01,0.21,0.01,0,0,0,0.23,0.491
"1ppf","PI14W",-1.977,0.03,0,0,0,-0.48,0.23,0,-0.34,0.02,0.45,0.14,0,0,0,0.03,2.007
"1ppf","PI14C",-1.977,0.05,0,0,0,-0.08,0.02,0,-0.08,0.02,0.3,0.07,0,0,0,0.26,2.237
"1ppf","PI14M",-1.553,0.16,0,0.04,0,-1.57,0.52,0.01,-1.01,0.09,0.1,0.34,0,0.01,0,-1.49,0.0629999999999999
"1ppf","PI14V",-1.504,0.09,0.01,0.03,0,-0.33,0.26,0,-0.25,0.04,0.32,0.01,0,0,0,0.08,1.584
"1ppf","PI14G",0.092,0,0,0,0,0.04,0,0,0.01,0,0.1,-0.02,0,0,0,0.13,0.038
"1ppf","PI14I",-1.628,0.14,0,0.01,0,-0.9,0.39,0,-0.53,0.06,0.39,0.38,0,0,0,-0.21,1.418
"1ppf","AI15T",0.949,0,0,0,0,-0.55,1,0.07,-0.58,0.53,-0.51,0.56,0,0,-0.26,0.28,0.669
"1ppf","AI15F",-0.072,0.15,0,0.01,0,-1.12,0.49,0.47,-0.72,0.12,-0.05,0.4,0,0,0,-0.4,0.328
"1ppf","AI15C",-0.664,0,0,0,0,-0.28,0.07,0.04,-0.26,0.04,-0.06,0.52,0,0,0,0.07,0.734
"1ppf","AI15N",0.903,0.01,-0.01,0,0,-0.33,0.64,0.11,-0.4,0.07,-0.04,0.51,0,0,0,0.55,0.353
"1ppf","AI15I",0.325,0.04,-0.05,0.02,0,-2.68,0.95,0.12,-1.56,1.61,-0.03,1.24,0,-0.02,0,-0.4,0.725
"1ppf","AI15D",1.122,0.01,0,-0.25,0,-0.2,0.99,0.17,-0.29,0.03,0.04,0.47,0,-0.16,0,0.79,0.332
"1ppf","AI15M",-0.396,0.11,-0.02,0.04,0,-2.01,0.45,0.16,-1.25,0.38,-0.15,1.06,0,0.01,0,-1.34,0.944
"1ppf","AI15L",0.018,0.01,-0.03,0.01,0,-1.61,0.32,0.27,-0.86,0.09,0.01,0.77,0,0,0,-1.03,1.048
"1ppf","AI15H",0.545,0.01,0,0,0,-0.58,0.61,0.24,-0.48,0.02,0.02,0.56,0,0,0,0.41,0.135
"1ppf","AI15V",0.198,0.01,-0.05,0.01,0,-1.37,0.18,0.54,-0.67,0.34,-0.31,0.22,0,0,0,-1.12,1.318
"1ppf","AI15Y",-0.183,0.18,-0.42,0.01,0,-1.07,0.57,0.56,-0.78,0.17,0.18,0.56,0,0,-0.42,-0.65,0.467
"1ppf","AI15K",1.112,0.07,-0.72,0.02,0,-0.78,0.93,0.25,-0.55,0.06,0.25,1.2,0,0.04,-0.72,-0.03,1.142
"1ppf","AI15S",0.746,0.01,0,0,0,0.27,0.73,0,-0.16,0.01,-0.04,0.38,0,0,0,1.2,0.454
"1ppf","AI15G",1.122,0,0,0,0,0.81,-0.2,-0.01,0.43,-0.04,-0.03,-0.09,0,0,0,0.89,0.232
"1ppf","AI15R",-0.261,0.01,0,0.39,0,-0.91,0.73,0,-0.82,0.09,-0.2,0.46,0,0.23,0,-0.02,0.241
"1ppf","AI15P",1.968,0.01,-0.01,0,0,-0.26,-0.13,0,-0.13,0,-0.36,0.2,0,0,0,-0.69,2.658
"1ppf","AI15E",0.104,0.01,0,-0.86,0,-0.98,1.48,0,-0.83,0.08,-0.16,0.85,0,-0.31,0,-0.74,0.844
"1ppf","AI15Q",0.246,0.01,-0.01,0.02,0,-0.72,0.55,0.1,-0.6,0.1,-0.09,0.6,0,0,0,-0.05,0.296
"1ppf","AI15W",-0.632,0.09,0,0.01,0,-1.1,0.77,0.41,-0.84,0.11,0.05,0.66,0,0,0,0.07,0.702
"1ppf","TI17G",3.55,-0.04,0,-0.07,-0.02,1.24,-0.77,-0.13,0.74,-0.06,0.16,-0.06,0,-0.02,0.23,1.25,2.3
"1ppf","TI17I",1.473,-0.03,0.01,-0.05,0,-0.56,-0.67,-0.06,-0.04,0.02,-0.27,0.61,0,-0.02,-0.03,-1.08,2.553
"1ppf","TI17V",1.492,-0.03,0,-0.05,0,-0.32,-0.77,-0.04,0.06,0.01,-0.1,0.34,0,-0.02,-0.03,-0.92,2.412
"1ppf","TI17N",2.661,-0.01,-0.01,-0.03,-0.01,0.52,-0.41,-0.07,0.29,-0.02,-0.15,0.28,0,-0.02,0.08,0.46,2.201
"1ppf","TI17D",4.855,0,0,-1.28,0.33,0.43,0.75,-0.01,0.22,-0.05,-0.09,0.55,0.07,-0.31,0.13,0.74,4.115
"1ppf","TI17S",1.51,0,0,0,-0.01,0.92,-0.26,-0.12,0.4,-0.05,-0.08,-0.09,0,0,0.12,0.82,0.69
"1ppf","TI17W",2.165,0.12,0.17,-0.36,0.01,-0.43,0.6,0.42,-0.48,2.52,-0.05,0.67,0,-0.05,0.22,3.23,1.065
"1ppf","TI17E",3.015,0,-0.06,-1.44,0.34,-0.49,1.39,-0.12,-0.39,0.02,-0.65,1.1,0.07,-0.24,-0.39,-0.86,3.875
"1ppf","TI17Y",2.446,0,0,-0.06,-0.01,-0.17,-0.31,0.08,-0.02,-0.04,-0.12,0.16,0,0,0.07,-0.41,2.856
"1ppf","TI17C",2.059,-0.03,-0.01,-0.06,0,0.12,-0.53,-0.12,0.03,0,-0.11,0.57,0,-0.02,0.01,-0.12,2.179
"1ppf","TI17F",1.686,0.15,-0.03,-0.82,-0.03,-2.07,0.32,0.05,-1.36,4.3,-0.45,0.67,0,-0.02,-0.02,0.54,1.146
"1ppf","TI17Q",1.941,0,-0.06,-0.06,0,-0.46,0.15,-0.1,-0.33,0.02,-0.4,0.79,0,-0.01,0.03,-0.43,2.371
"1ppf","TI17L",2.248,0.16,0.02,-0.02,-0.03,-2.66,0.41,-0.01,-1.44,2.24,-0.36,1.31,0,0,-0.93,-1.47,3.718
"1ppf","TI17R",3.404,-0.01,0,-0.48,0,-0.77,0.67,-0.1,-0.79,0.06,-0.07,1.63,0,-0.18,-1.21,-1.24,4.644
"1ppf","TI17K",3.342,0.03,-0.33,-0.21,0,-1.31,1.11,-0.12,-0.81,0.1,0.32,1.78,0,-0.11,-1.17,-0.73,4.072
"1ppf","TI17A",3.145,0,0,0,-0.01,0.58,-0.42,-0.12,0.37,-0.05,-0.07,0.1,0,0,0.13,0.5,2.645
"1ppf","TI17P",3.032,0,0,0,-0.01,-0.18,-0.84,-0.12,0.1,-0.03,-0.55,0.37,0,0,0.14,-1.12,4.152
"1ppf","TI17M",2.468,-0.03,-0.01,-0.05,0,-1.65,-0.25,-0.11,-0.84,0.12,-0.17,1.04,0,-0.02,-0.05,-2,4.468
"1ppf","TI17H",1.67,0,0,-0.58,-0.01,0.25,-0.28,-0.12,0.22,0.03,-0.14,-0.08,0,-0.08,0.07,-0.72,2.39
"1ppf","LI18V",-0.486,0.01,0.04,0,0,1.34,-0.13,0.69,0.61,1.26,-0.16,-0.57,0,0,0.01,3.1,3.586
"1ppf","LI18P",6.062,-0.82,0.73,0.01,0,2.27,-0.71,0.02,1.16,2.82,-0.21,-0.81,0,0,-0.02,5.26,0.802
"1ppf","LI18A",1.003,-0.14,0.22,0,0,3.18,-0.54,-0.02,1.5,-0.19,-0.05,-1.03,0,0,-0.01,3.06,2.057
"1ppf","LI18G",3.287,-0.41,0.41,0,0,4.19,-1.06,-0.03,2.07,-0.19,-0.08,-1.03,0,0,0,4.29,1.003
"1ppf","LI18H",6.382,-0.11,0.03,-0.01,0.11,0.97,2.28,0,-0.3,5.78,-0.08,-0.1,0,0,-0.02,8.67,2.288
"1ppf","LI18Y",6.544,0.04,0.01,-0.09,-0.03,-0.59,2.08,0.22,-1.24,9.78,-0.08,0.24,0,0,-1.36,8.93,2.386
"1ppf","LI18E",6.966,-0.08,0.05,0.07,0,1.86,3.02,0.01,0.35,-0.12,-0.25,0.42,0,0.1,-0.02,5.49,1.476
"1ppf","LI18D",7.508,-0.11,0.1,-1.41,0.34,2.67,3.22,0,0.75,-0.15,-0.19,-0.51,0.06,-0.19,0.07,4.78,2.728
"1ppf","LI18Q",3.301,-0.03,0.01,0,0,1.85,1.34,0.04,0.32,-0.04,-1.11,0.2,0,0,-0.07,2.53,0.771
"1ppf","LI18R",7.085,0.03,-0.03,-0.76,0,1.29,3.52,0.11,-0.83,6.74,-0.23,0.67,0,-0.23,-0.71,9.54,2.455
"1ppf","LI18I",-0.723,0,0.01,-0.02,0,0.68,0.11,0.69,0.36,1.86,-0.21,-0.1,0,0,-0.06,3.32,4.043
"1ppf","LI18N",5.153,-0.1,0.04,0,0,2.56,1.31,0,0.6,-0.18,-0.22,-0.36,0,0,-0.02,3.72,1.433
"1ppf","LI18F",5.098,0.03,-0.03,-0.06,0,-0.47,0.71,0.2,-0.71,6.02,-0.19,-0.19,0.02,0,-0.02,5.27,0.172
"1ppf","LI18M",1.225,-0.08,0.03,0,0,0.26,-0.3,0.18,-0.03,0.39,-0.19,0.29,0,0,-0.02,0.61,0.615
"1ppf","LI18S",3.049,-0.12,0.18,0,0,3.63,0.39,-0.01,1.33,-0.19,-0.15,-0.51,0,0,0,4.67,1.621
"1ppf","LI18C",-0.088,-0.14,0.13,0,0,2.55,-0.41,-0.01,0.96,-0.19,-0.2,-0.15,0,0,0,2.69,2.778
"1ppf","LI18W",7.44,-0.02,-0.15,-0.05,0,-1.6,2.38,0.19,-1.65,14.64,0.07,-0.08,0,0,-0.02,13.71,6.27
"1ppf","LI18K",5.614,0,-0.08,-0.51,0,0.73,3.59,0.01,-0.28,1.12,-0.14,0.8,0,-0.18,-0.37,4.67,0.944
"1ppf","LI18T",0.903,0,-0.23,0,0,2.47,0.68,0.24,0.83,0,-0.12,-0.5,0,0,-0.34,3.03,2.127
"1ppf","EI19I",0.713,0.13,0.05,-0.2,-0.01,-1.31,0,0,-0.61,1.51,0.14,1.15,0,-0.09,0.09,0.72,0.00700000000000001
"1ppf","EI19K",2.091,0,-0.01,-0.2,0,-0.53,0.19,-0.02,-0.31,0,-0.1,1.23,0,-0.1,-0.06,0.09,2.001
"1ppf","EI19P",3.166,-0.7,0.08,-0.2,0,-0.07,-1.17,-0.01,0.17,0.45,-0.31,0.51,0,-0.09,0.05,-0.6,3.766
"1ppf","EI19N",1.196,0,0.08,-0.2,0,0.12,0.01,-0.01,-0.02,0,0.06,0.54,0,-0.09,0.04,0.52,0.676
"1ppf","EI19S",1.821,0,0.11,-0.2,0,0.44,-0.08,-0.01,-0.03,0.02,0.12,0.9,0,-0.09,-0.46,0.71,1.111
"1ppf","EI19M",1.133,0.13,0.08,-0.2,-0.01,-1.15,0.51,-0.02,-0.74,0.01,0.24,1.33,0,-0.09,0.09,0.07,1.063
"1ppf","EI19F",1.345,-0.04,0.08,-0.2,0,-0.02,-0.41,0.09,0.1,0.02,-0.08,0.53,0,-0.09,-0.02,0,1.345
"1ppf","EI19A",1.187,0,0.11,-0.2,-0.01,0.08,-0.38,-0.02,0.08,0,0.2,0.43,0,-0.09,0.13,0.32,0.867
"1ppf","EI19Q",0.651,0,0.03,-0.2,0,-0.09,-0.21,0.02,-0.1,0,-0.03,0.39,0,-0.09,-0.01,-0.28,0.931
"1ppf","EI19R",1.449,0.05,-1.12,-0.43,0,-0.23,1.16,0.01,-0.62,0.01,0.12,1.86,0,-0.22,-1.22,-0.67,2.119
"1ppf","EI19V",1.143,0.03,0.05,-0.2,-0.01,-0.73,-0.27,-0.02,-0.27,0.48,0.08,0.71,0,-0.09,0.08,-0.19,1.333
"1ppf","EI19Y",1.232,-0.03,0.08,-0.2,0,-0.07,-0.39,0.09,0.06,0.02,-0.05,0.54,0,-0.09,-0.02,-0.03,1.262
"1ppf","EI19W",1.509,-0.05,0.07,-0.2,-0.01,-0.41,-0.29,0.51,-0.13,1.3,0.06,0.48,0,-0.09,0,1.29,0.219
"1ppf","EI19G",2.091,-0.13,0.16,-0.2,-0.01,0.65,-0.68,-0.02,0.41,0.01,0.4,0.41,0,-0.09,0.13,1.17,0.921
"1ppf","EI19D",0.57,-0.03,0.1,-0.18,-0.01,0.2,0.07,0.02,0.07,0,0.05,0.44,0,-0.05,0.07,0.79,0.22
"1ppf","EI19C",1.383,-0.02,0.09,-0.2,-0.01,-0.25,-0.28,-0.02,-0.27,0.06,0.2,1.1,0,-0.09,0.13,0.47,0.913
"1ppf","EI19H",0.681,-0.04,0.08,-0.2,0,-0.02,-0.14,0.01,-0.01,0,-0.01,0.48,0,-0.09,-0.02,0.09,0.591
"1ppf","EI19L",1.056,0,0.46,-0.19,-0.01,-0.35,-0.47,0.04,0.01,-0.01,-0.25,0.58,0,-0.09,0.38,0.1,0.956
"1ppf","EI19T",1.484,0.03,0.06,-0.2,0,-0.51,0.38,-0.02,-0.49,0.49,0.26,0.93,0,-0.09,-0.34,0.47,1.014
"1ppf","YI20T",4.985,-0.04,-0.02,0,0,1.46,0.5,0.32,0.68,-0.06,-0.02,-0.01,0,0,0,2.84,2.145
"1ppf","YI20N",3.593,0.03,-0.6,0,0,1.57,0.27,-0.02,0.65,-0.06,0.42,0.07,0,0,-0.58,1.73,1.863
"1ppf","YI20I",3.877,-0.01,-0.02,0,0.05,0.14,-0.24,0.36,0.33,1.51,0.03,0.23,0,0,-0.05,2.34,1.537
"1ppf","YI20K",4.432,0.03,-0.88,0.32,0.02,0.09,1.66,0,-0.11,0.35,0.36,1.39,0,0.12,-0.88,2.44,1.992
"1ppf","YI20H",2.382,-0.02,-0.01,0.01,0.08,0.6,0.64,-0.01,0.17,-0.02,0.02,-0.32,0,0.01,0,1.16,1.222
"1ppf","YI20F",0.475,-0.02,0,0,0,-0.01,-0.27,0,0.08,-0.02,-0.02,-0.05,0,0,0,-0.29,0.765
"1ppf","YI20E",6.331,0.08,0,-0.4,0.01,0.86,1.27,0,0.33,-0.02,0.04,0.53,0,-0.13,0,2.49,3.841
"1ppf","YI20V",4.128,0.03,-0.02,0,0.05,0.5,-0.24,0.23,0.46,1.39,0.03,-0.11,0,0,-0.05,2.22,1.908
"1ppf","YI20A",3.166,-0.01,0.01,0,0,2.06,-0.6,-0.02,1.22,-0.08,-0.14,-0.58,0,0,0,1.87,1.296
"1ppf","YI20Q",4.632,0,0,0,0,1.01,0.48,0,0.39,-0.04,0.17,0.61,0,0,0,2.62,2.012
"1ppf","YI20G",4.128,-0.12,0.07,0,0,2.68,-0.82,-0.02,1.53,-0.08,0.52,-0.63,0,0,-0.02,3.24,0.888
"1ppf","YI20C",3.404,-0.02,0.03,0,0,1.57,-0.54,-0.02,0.85,-0.06,0.08,0.03,0,0,0,1.94,1.464
"1ppf","YI20M",2.773,-0.04,0,0.01,0,0.1,-0.37,-0.01,0.18,-0.02,0.04,0.53,0,0.01,0,0.45,2.323
"1ppf","YI20W",0.232,0,-0.02,0,0,-0.58,0.12,0.01,-0.3,0.04,0.07,-0.2,0,0,0,-0.87,1.102
"1ppf","YI20P",5.293,0.03,1.14,-0.01,0.08,1.1,-0.34,-0.02,0.9,6.38,-0.74,-0.35,0,0,-0.1,8.04,2.747
"1ppf","YI20D",6.331,0,-0.01,-0.27,0,1.66,1.02,-0.02,0.77,-0.06,-0.06,-0.11,0,-0.11,0,2.82,3.511
"1ppf","YI20S",3.593,-0.02,0.03,0,0,2.28,-0.1,-0.02,1.11,-0.07,0.02,-0.23,0,0,0,3.02,0.573
"1ppf","YI20L",1.356,0.02,-0.01,0,0,0.27,-0.17,0.1,0.38,0.02,-0.07,0.31,0,0.01,0,0.84,0.516
"1ppf","YI20R",4.312,-0.02,0.03,0.3,0.02,0.73,0.72,0.04,0.12,0.04,-0.32,0.47,0,0.09,-0.02,2.22,2.092
"1ppf","RI21P",6.613,-0.08,0.37,-0.03,0,0.97,-0.84,0,0.78,0.34,-0.64,-0.63,0,-0.07,0.35,0.6,6.013
"1ppf","RI21E",0.454,0,0.38,-0.15,0,0.28,-0.21,0,0.28,-0.01,-0.26,-0.4,0,-0.15,0.38,0.13,0.324
"1ppf","RI21S",0.414,0,0.38,-0.04,0,0.73,-0.47,0,0.49,-0.01,-0.97,-0.56,0,-0.07,0.38,-0.15,0.564
"1ppf","RI21L",-0.847,0,0.38,-0.04,0,-0.12,-0.5,0,0.17,0,-0.35,-0.29,0,-0.07,0.38,-0.45,0.397
"1ppf","RI21F",-0.968,0,0.38,-0.04,0,0.76,-0.41,0,0.52,-0.01,-0.24,-0.59,0,-0.07,0.38,0.67,1.638
"1ppf","RI21H",-0.486,0,0.38,-0.04,0,-0.18,0.36,0,-0.12,0.07,-0.27,-0.06,0,-0.07,0.38,0.44,0.926
"1ppf","RI21V",-0.345,0.01,0.38,-0.04,0,0.56,-0.46,0,0.46,-0.01,-0.19,-0.52,0,-0.07,0.38,0.49,0.835
"1ppf","RI21C",-0.08,0,0.38,-0.04,0,0.54,-0.62,0,0.4,-0.01,-0.85,-0.48,0,-0.07,0.38,-0.39,0.31
"1ppf","RI21Q",-0.018,0.03,0.35,-0.04,0,0.14,-0.12,0,0.06,-0.01,-1.02,-0.24,0,-0.07,0.38,-0.56,0.542
"1ppf","RI21K",0.596,0,0.38,-0.02,0,-0.25,-0.15,0,0.01,0,-0.21,-0.15,0,-0.04,0.38,-0.06,0.656
"1ppf","RI21T",-0.018,0.01,0.38,-0.04,0,0.73,-0.39,0,0.47,-0.01,-0.97,-0.55,0,-0.07,0.38,-0.07,0.052
"1ppf","RI21D",0.205,0,0.38,-0.11,0,0.76,-0.42,0,0.52,-0.01,-0.25,-0.58,0,-0.12,0.38,0.55,0.345
"1ppf","RI21A",0.205,-0.01,0.38,-0.04,0,0.76,-0.45,0,0.54,-0.01,-0.2,-0.61,0,-0.07,0.38,0.68,0.475
"1ppf","RI21Y",0.218,0,0.38,-0.04,0,0.72,-0.41,0,0.5,-0.01,-0.23,-0.57,0,-0.07,0.38,0.64,0.422
"1ppf","RI21N",0.325,0,0.38,-0.04,0,0.49,-0.33,0,0.31,-0.01,-1.06,-0.56,0,-0.07,0.38,-0.53,0.855
"1ppf","RI21G",0.57,0.01,0.38,-0.04,0,0.76,-0.43,0,0.51,-0.01,-0.2,-0.62,0,-0.07,0.38,0.66,0.0900000000000001
"1ppf","RI21W",-0.526,0,0.38,-0.06,0,0.75,-0.41,0,0.51,-0.01,-0.22,-0.58,0,-0.07,0.38,0.66,1.186
"1ppf","RI21I",-0.8,0.01,0.38,-0.04,0,0.06,-0.46,0,0.23,0,-0.35,-0.34,0,-0.07,0.38,-0.22,0.58
"1ppf","RI21M",-0.749,0,0.38,-0.04,0,-0.82,-0.48,0,-0.25,-0.01,-0.26,0.06,0,-0.07,0.38,-1.11,0.361
"1ppf","GI32W",1.621,0.48,-0.09,0,0,-3.72,2.65,0.45,-2.53,28.3,0.61,0.53,0.01,0,-0.02,26.17,24.549
"1ppf","GI32P",0.26,-0.28,0,0,0,-1.27,0.09,-0.01,-0.62,5.54,0.29,0.29,0,0,-0.02,4.3,4.04
"1ppf","GI32D",2.462,-0.05,-0.04,-0.9,0,-1.15,3.06,-0.01,-0.99,8.5,0.06,0.45,0,-0.12,-0.02,8.86,6.398
"1ppf","GI32L",3.087,-0.18,-0.06,0,0,-2.72,0.35,0.08,-1.21,16.71,0.11,0.62,0.01,0,-0.02,13.84,10.753
"1ppf","GI32R",4.782,-0.16,-0.04,0.64,0,-1.95,3.17,0.56,-2.06,9.75,0.61,0.66,0.01,0.19,-0.09,11.44,6.658
"1ppf","GI32E",1.437,-0.18,-0.05,-0.64,0,-1.53,2.4,0.04,-1.08,8.57,0.11,1.03,0,-0.14,-0.02,8.68,7.243
"1ppf","GI32Q",2.761,-0.12,-0.05,0,0,-1.65,1.67,0.04,-1.29,8.4,0.3,1.25,0,0,-0.02,8.65,5.889
"1ppf","GI32A",0.254,-0.04,-0.01,0,0,-0.66,0.03,0,-0.26,4.02,0,-0.02,0,0,-0.02,3.07,2.816
"1ppf","GI32S",0.903,-0.1,-0.02,0,0,-0.28,0.68,0.1,-0.39,5.74,0.02,0.34,0,0,-1.26,4.93,4.027
"1ppf","GI32C",1.163,-0.02,-0.04,0,0,-1.45,0.24,0.01,-0.9,6.2,0.04,0.77,0.01,0,-0.02,4.86,3.697
"1ppf","GI32N",1.592,-0.06,0,0,0,-1.14,1.49,0.49,-1,6.92,0.07,0.6,0.01,0,-1.27,6.16,4.568
"1ppf","GI32M",2.165,-0.17,-0.07,0,0,-2.77,0.72,0.01,-1.53,11.11,0.21,0.96,0,0,-0.02,8.63,6.465
"1ppf","GI32F",1.461,-0.26,0.02,0.13,0,-2.83,0.84,0.53,-1.59,10.67,0.2,0.5,0.01,0,-0.03,8.43,6.969
"1ppf","GI32K",3.26,-0.22,-0.06,0.22,0,-2.38,2.21,0.46,-1.45,9.91,0.18,1.06,0.01,0.1,-0.02,10.24,6.98
"1ppf","GI32V",2.513,-0.15,-0.04,0,0,-2.16,0.11,0.47,-0.87,14.17,0.01,0.17,0.01,0,-0.02,11.83,9.317
"1ppf","GI32H",1.484,-0.14,-0.01,0,0.11,-2,2,0.59,-1.52,7.28,0.26,0.76,0.01,0,-0.03,7.44,5.956
"1ppf","GI32Y",1.187,0.08,-0.51,0.12,0,-2.99,1.8,0.45,-2.06,28.05,0.2,0.61,0,0,-0.52,25.16,23.973
"1ppf","GI32T",2.773,-0.1,-0.04,0,0,-1.52,0.79,0.08,-0.85,12.78,0.05,0.37,0,0,-1.34,10.31,7.537
"1ppf","GI32I",4.312,-0.19,-0.04,0,0,-2.37,0.19,0.1,-0.96,18.39,-0.27,0.62,0.01,0,-0.02,15.64,11.328
"1ppf","NI36Q",0.378,0.01,0,0,0,-0.24,0.26,-0.01,-0.19,0.02,0.46,0.32,0,0,0,0.62,0.242
"1ppf","NI36M",1.079,0.01,0,0,0,-0.53,-0.15,0,-0.28,0,0.46,0.38,0,0,0,-0.11,1.189
"1ppf","NI36I",0.859,-0.07,0,0,0,-0.3,-0.28,-0.01,0,0.29,0.35,0.23,0,0,-0.02,0.27,0.589
"1ppf","NI36S",-1.328,0.02,-0.07,0,0,0.25,-0.09,-0.01,0.12,0.04,0.19,0,0,0,-0.07,0.36,1.688
"1ppf","NI36G",-0.564,0.15,-0.04,0,0,0.4,-0.1,-0.01,0.23,0,0.46,0,0,0,0.05,0.99,1.554
"1ppf","NI36P",-2.919,-0.06,0.01,0,0,0.08,-0.47,0.11,0.26,2.27,0.27,-0.14,0,0,0.03,2.41,5.329
"1ppf","NI36R",1.844,0.01,0,0.37,0,-0.24,0.42,-0.01,-0.3,0,0.55,0.29,0,0.24,0,1.31,0.534
"1ppf","NI36A",-1.623,0.08,-0.03,0,0,0.12,-0.17,-0.01,0.12,0,0.43,0,0,0,-0.02,0.45,2.073
"1ppf","NI36D",-3.035,0,0,-0.31,0,0.02,0.21,-0.01,0.02,0,0,0.02,0,-0.13,0,-0.18,2.855
"1ppf","NI36V",0.341,-0.08,0,0,0,-0.27,-0.29,-0.01,0.03,0.37,0.34,0,0,0,-0.02,0.16,0.181
"1ppf","NI36E",-1.004,0.01,0,-0.38,0,-0.16,0.42,-0.01,-0.12,0,0.41,0.36,0,-0.19,0,0.35,1.354
"1ppf","NI36T",0.545,-0.06,0,0,0,-0.06,-0.05,-0.01,0.05,0.48,0.37,0.06,0,0,-0.02,0.82,0.275
"1ppf","NI36Y",1.654,0.01,0,0.11,0,-0.96,0.39,0,-0.67,0.31,0.62,0.44,0,0,0,0.24,1.414
"1ppf","NI36K",2.585,0.01,0,0.19,0,-0.44,0.23,-0.01,-0.24,0,0.52,0.44,0,0.14,0,0.83,1.755
"1ppf","NI36C",0.596,0,0,0,0,-0.01,-0.21,-0.01,0.03,0,0.38,0.2,0,0,0,0.37,0.226
"1ppf","NI36F",1.821,0.01,0,0.14,0,-1.11,0.11,0,-0.66,0.03,0.61,0.37,0,0,0,-0.52,2.341
"1ppf","NI36W",1.704,0.01,0,0,0,-1.31,0.76,0,-0.98,0.11,0.76,0.44,0,0,0,-0.22,1.924
"1ppf","NI36H",-0.526,0.01,-0.01,0,0,-0.39,0.18,-0.01,-0.28,0,0.05,0.04,0,0,0,-0.43,0.096
"1ppf","NI36L",2.61,-0.04,0,0,0,-0.69,-0.26,-0.01,-0.2,0.32,0.31,0.35,0,0,0,-0.17,2.78
"2jel","FP2W",2.619,0.08,0.27,0,0,-0.42,0.5,-0.02,-0.45,0.38,-0.23,-0.04,0,0,-0.01,-0.03,2.649
"2jel","FP2Y",0,-0.33,0.4,0.01,-0.01,1.18,-1.12,-0.02,0.9,-1.16,-0.38,-1.37,0,0,1.61,0.05,0.05
"2jel","QP3K",4.091,0.04,-0.72,0.26,0,-0.49,2,0,-0.31,0.05,0,0.23,0,0.07,-0.19,0.89,3.201
"2jel","QP4K",1.364,0.08,-0.02,0.06,0,-0.09,-0.11,-0.01,0.09,0.01,-0.11,-0.54,0,0.01,1.27,0.56,0.804
"2jel","EP5Q",0.713,0,0,0.07,0,0.01,-0.02,-0.01,0.01,0,0,-0.02,0,0.05,0,0.09,0.623
"2jel","EP5D",0.41,0,-0.02,-0.01,0,-0.01,0.02,0,-0.01,0,0.05,-0.05,0,0,0,-0.03,0.44
"2jel","VP6F",0,0,0,0,0,0,0,-0.01,0,0,0,-0.01,0,0,0,-0.01,0.01
"2jel","TP7N",0.41,0,0,0,0,0,0,0,0,0,0,0,0,0,0,0,0.41
"2jel","TP7S",0,0,0,0,0,0,0,0,0,0,0,0,0,0,0,0,0
"2jel","PP11E",0,0,0,0,0,0,0,0,0,0,0,0,0,0,0,0,0
"2jel","NP12D",0,0,0,0,0,0,0,0,0,0,0,0,0,0,0,0,0
"2jel","RP17K",0,0,0,0,0,0,0,0,0,0,0,0,0,0,0,0,0
"2jel","RP17G",0,0,0,0,0,0,0,0,0,0,0,0,0,0,0,0,0
"2jel","KP24E",0,0,0,0,0,0,0,0,0,0,0,0,0,0,0,0,0
"2jel","KP27E",0,0,0,0,0,0,0,0,0,0,0,0,0,0,0,0,0
"2jel","TP34Q",0,0,-0.04,0,0,0,0.27,0,-0.09,0.03,0.09,0.16,0,0,-0.03,0.39,0.39
"2jel","TP36Q",0.41,-0.04,0,0,0,-0.03,-0.26,0,0.02,0.11,0.08,-0.09,0,0,0,-0.17,0.58
"2jel","NP38T",0,0,0,0,0,0,0,0,0,0,0,0,0,0,0,0,0
"2jel","SP41C",1.496,0.15,0,0,0,-0.27,-0.04,0,-0.14,0.34,0.08,0.18,0,0,0,0.14,1.356
"2jel","SP43C",0,0,0,0,0,0,0,0,0,0,0,0,0,0,0,0,0
"2jel","SP46C",0,0,0,0.01,0,0,0,0,0,0,0,0,0,0,0,0,0
"2jel","QP57E",-0.41,0,0,0,0,0,0,0,0,0,0,0,0,0,0,0,0.41
"2jel","TP62A",0,0,0.03,0,-0.01,0.05,0.01,-0.01,0.02,0,-0.03,0.09,0,0,0,0.17,0.17
"2jel","TP62N",0,0,-0.23,0,0,0.05,0.08,0,-0.02,0.26,0.05,-0.63,0,0,-0.12,-0.54,0.54
"2jel","SP64T",4.091,0,-0.02,0,0,-0.76,0.17,0.02,-0.49,0.6,0.12,-0.06,0,0,0.04,-0.39,4.481
"2jel","EP66K",4.091,-0.01,-0.04,0.73,0,-0.22,-1.94,0,0.22,0,-0.01,-0.05,0,-0.23,2.58,1.02,3.071
"2jel","EP68A",0.41,-0.18,0,-0.05,0,0.26,-0.17,-0.01,0.18,0,0.23,-0.17,0,-0.03,0,0.24,0.17
"2jel","DP69E",0.953,0.02,0,-0.06,0,-0.05,0.17,-0.01,-0.07,0,0,0.01,0,-0.02,0,-0.02,0.973
"2jel","EP70K",4.091,-0.06,-0.75,0.81,-0.01,0.15,1.06,-0.02,-0.03,-1.23,0.05,1.14,0,-0.04,-0.83,0.3,3.791
"2jel","EP70A",2.727,0.05,1.09,0.69,0,0.62,-2,-0.03,0.64,-1.05,0,0.36,0,-0.04,0.52,0.78,1.947
"2jel","QP71E",2.727,-0.1,-0.45,0.02,0,0.16,0.86,-0.03,0.2,-1.08,-0.27,-0.32,0,-0.07,-2.01,-2.99,5.717
"2jel","KP72R",0,0.06,0,0.02,0,0.12,0.02,-0.01,0.02,0,0,-0.06,0,0.03,0,0.14,0.14
"2jel","KP72E",0.41,0.01,0,-0.33,-0.03,-0.03,0.71,-0.01,-0.13,0.02,0,0.86,0,-0.05,-1.31,-0.29,0.7
"2jel","EP75R",2.727,0.03,-0.01,0.18,0,-0.07,-0.15,0,-0.15,0,0,0.01,0,0.11,0,-0.08,2.807
"2jel","HP76D",-0.651,0.17,-0.11,-0.02,-0.03,0.08,0.02,0,0.08,0.05,0.04,0.08,0,-0.02,0,0.17,0.821
"2jel","HP76A",-0.41,0.13,-0.1,0.02,-0.03,0.17,-0.15,0,0.17,-0.02,0.03,0.03,0,0,0,0.14,0.55
"2jel","KP79E",0.41,0.05,-0.02,0.07,-0.03,-0.05,0,0,0,-0.01,0,0.03,0,0.01,0,0.01,0.4
"2jel","AP82S",0,0,0,0,0,0,0,0,0,0,0,0,0,0,0,0,0
"2jel","EP83A",0,0,0,0,0,0,0,0,0,0,0,0.03,0,0,0,0.02,0.02
"2jel","EP85Q",0,0,0,0,0,0,0,0,0,0,0,0,0,0,0,0,0
"2jel","EP85D",0,0,0,0,0,0,0,0,0,0,0,0,0,0,0,0,0
"2jel","EP85K",0,0,0,0,0,0,0,0,0,0,0,0,0,0,0,0,0
"2jel","EP85A",0,0,0,0,0,0,0,0,0,0,0,0,0,0,0,0,0
"2wpt","EA30A",1.733,0.06,0.99,1.5,0,0.95,-2.24,-0.01,0.97,0.04,0,-1.15,-0.08,0.28,0.8,2.05,0.317
"2wpt","DA33L",-3.402,-0.12,-0.09,0.44,0,-0.34,-0.55,-0.02,-0.05,0.02,-0.04,0.18,-0.07,0.18,0,-0.34,3.062
"2wpt","DA33A",-0.132,0.06,0.02,0.44,0,0.08,-0.49,-0.02,0.12,-0.01,0.55,0.13,-0.07,0.18,0,0.93,1.062
"2wpt","NA34V",-0.897,-0.07,0,0,0,-0.69,-0.7,0,-0.09,0,0.18,0.19,0,0,0,-1.11,0.213
"2wpt","NA34A",-0.38,-0.08,0.04,0.02,0,0.64,-0.99,0,0.61,0,-0.05,-0.21,0,0,0,0.05,0.43
"2wpt","VA37A",3.808,0.18,-0.05,-0.13,0,0.79,0.41,-0.03,0.3,-0.01,0,0.13,-0.01,-0.02,-0.21,1.17,2.638
"2wpt","RA38T",-1.038,-0.02,0.01,-0.1,0,-0.02,0.5,0,-0.15,0.02,0.07,0.02,0,-0.06,0,0.29,1.328
"2wpt","RA38A",-1.11,0.05,0.04,-0.02,0,0.08,-0.01,0,0.04,0,-0.02,-0.09,0,-0.06,0,-0.04,1.07
"2wpt","EA39H",0.038,0.03,0,0.01,0,0,0.01,0,0,0,0,0.03,0,0.02,0,0.06,0.022
"2wpt","EA41A",4.501,0.1,-0.03,1.1,0,0.21,-1.3,-0.02,0.31,-0.01,0,-0.29,0,0.32,0.85,1.13,3.371
"2wpt","RA42A",-0.24,0.05,0,-0.01,0,0,0.02,0,-0.01,0,0,-0.03,0,-0.01,0,-0.04,0.2
"2wpt","RA42E",-0.372,0.05,0,-0.04,0,0,0.02,0,-0.01,0,0,-0.01,0,-0.05,0,-0.08,0.292
"2wpt","SA50A",2.425,-0.01,0.06,0.02,0,-0.11,-0.67,-0.01,0.21,0.03,0.13,-0.29,0,0,1.16,0.54,1.885
"2wpt","PA56A",2.926,0.18,0.04,0,0,0.16,-0.13,-0.01,0.13,0,0.01,0.08,0,0,0.05,0.34,2.586
"2wpt","RB54A",0.872,0.06,0.97,1.76,0,0.99,-2.27,-0.08,1,0,0,-1.12,-0.2,0.39,0.8,2.24,1.368
"2wpt","NB72A",0.701,-0.04,0.1,0,0,0.63,-2.38,0.01,0.96,-0.05,0.17,-0.41,0.19,0,1.46,0.68,0.0209999999999999
"2wpt","SB74A",-0.134,0,0.03,0,0,-0.29,-0.82,-0.01,0.18,0,0,-0.4,0,0,0,-1.3,1.166
"2wpt","NB75A",1.251,0.11,0.09,0,0,0.13,-0.53,-0.01,0.33,-0.01,0.25,0.08,0,0,0.1,0.44,0.811
"2wpt","SB77A",-0.457,0.03,0.48,0,0,-0.28,-0.49,0,0.14,-0.01,0,-1.24,0,0,2.02,0.62,1.077
"2wpt","SB78A",-0.095,0.05,-0.01,0.01,0,-0.04,-0.26,-0.01,0.07,0,0.03,-0.08,0,0,0,-0.27,0.175
"2wpt","SB84A",-0.067,0,0,-0.01,0,-0.07,0.02,0,-0.02,0,0,-0.01,0,0,0,-0.08,0.013
"2wpt","FB86A",1.057,-0.22,0.05,0.04,0,2.4,-0.78,-0.02,1.53,-0.01,-0.01,-0.13,0,0,0.13,3.21,2.153
"2wpt","TB87A",0.376,0.01,0.03,0,0,-0.15,0.13,-0.02,-0.11,0,0.02,0.01,0,0,0.05,-0.03,0.406
"2wpt","QB92A",0.384,-0.19,0.15,0.17,0,0.05,-0.63,-0.02,0.23,-0.01,0.14,0.75,0,0,1.15,1.98,1.596
"2wpt","KB97A",0.649,-0.02,0.07,0.66,0,0.49,0.05,-0.01,-0.14,0.55,0.47,0.24,0.05,0.29,-2.02,0.7,0.0509999999999999
"2wpt","VB98A",0.265,0.09,-0.65,0.03,0,0.05,0.3,0.02,-0.15,0.01,0.61,0.61,0,0,-0.62,0.22,0.045
"3hfm","SH31A",0.17,0,0,0.01,0,-0.18,-0.5,-0.12,0.15,-0.34,0,-0.58,0,0,1.03,-0.55,0.72
"3hfm","DH32A",1.898,-0.06,0,0.34,0,0.14,-0.89,-0.01,0.23,-0.05,-0.03,0.02,0,0.19,0,-0.06,1.958
"3hfm","DH32N",0.17,0.02,0,0.34,0,-0.05,-0.04,0,-0.1,0.02,0.03,-0.01,0,0.19,0,0.37,0.2
"3hfm","YH33W",1.75,0.21,0.46,0.25,0,-0.69,0.19,0,-0.32,9.74,0.04,0,0,0,0.53,10.2,8.45
"3hfm","YH33F",1.071,-0.3,0.54,0.1,0,-0.19,-0.78,-0.09,0.23,1.01,-0.08,-0.01,0,0,0.58,1.31,0.239
"3hfm","YH33A",6.035,-0.61,0.59,0.32,0,2.09,-1.92,-0.27,1.64,-0.33,-0.11,0.13,0,0,0.68,2.83,3.205
"3hfm","YH33L",2.007,-0.39,0.54,0.29,0,0.61,-1.36,-0.17,0.85,-0.27,-0.1,0.19,0,0.01,0.57,1.17,0.837
"3hfm","YH50A",7.32,-0.36,1.19,-0.36,0,-0.12,-1.69,-0.66,0.7,0.06,-1.66,-0.23,0,0.01,3.2,0.44,6.88
"3hfm","YH50L",2.849,-0.25,1.24,-0.4,0,1.33,-3.24,-0.52,1.89,0,-1.56,-0.88,0,0.06,1.82,-0.26,3.109
"3hfm","YH50F",1.61,-0.07,0.61,0.03,0,0.11,-0.9,-0.21,0.41,0.07,-0.57,-0.77,0,0.01,1.28,0.07,1.54
"3hfm","YH53W",0.706,0.01,0,0.05,0,-0.86,0.24,-0.12,-0.54,-0.14,0.02,-0.44,0,0,1.03,-0.77,1.476
"3hfm","YH53A",3.25,-0.26,0,0.03,0,0.53,-0.56,-0.18,0.5,-0.49,0.15,-0.63,0,-0.11,0.56,-0.21,3.46
"3hfm","YH53L",0.807,-0.03,0,0.08,0,-0.14,-0.26,-0.1,0.12,-0.13,-0.02,-0.59,0,0,1.03,-0.02,0.827
"3hfm","YH53F",0.62,-0.01,0,-0.03,0,-0.03,-0.03,-0.01,0.01,0.02,0,-0.06,0,0,0,-0.11,0.73
"3hfm","YH58L",1.514,-0.18,0.58,-0.6,0,1.13,-2.91,-0.36,1.69,-0.05,-1.47,-1.31,0,0.06,2.43,-0.8,2.314
"3hfm","YH58A",1.676,-0.2,0.63,-0.57,0,1.52,-3.33,-0.46,2.03,-0.05,-1.53,-1.58,0,0.07,2.46,-0.81,2.486
"3hfm","YH58F",0.363,0.04,0.63,-0.35,0,0.3,-2.15,-0.48,1.06,-0.03,-0.88,-1.29,0,0.05,2.5,-0.64,1.003
"3hfm","WH98F",3.246,0.09,0,-0.32,0,0.26,-2.15,-0.42,1.02,0.01,-0.39,-0.94,0,0.07,1.94,-0.93,4.176
"3hfm","WH98A",5.511,0.01,0.09,-0.43,0,1.62,-3.3,-0.53,1.97,-0.21,-0.4,-0.99,0,0.07,1.95,-0.17,5.681
"3hfm","NL31D",1.343,-0.14,0.03,-1.27,0.02,0.04,0.44,-0.01,0.13,-0.12,0.01,-0.09,0,-0.33,1.44,0.3,1.043
"3hfm","NL31A",5.214,-0.51,0.08,-0.01,0,0.31,-1.31,-0.01,0.56,-0.32,0.01,-0.32,0,0,1.51,0.52,4.694
"3hfm","NL31E",5.707,0.03,-0.02,-2.49,0.04,-0.22,0.61,0.15,-0.09,0.13,-0.15,0.37,0,-0.36,0.66,-1.38,7.087
"3hfm","NL32A",5.107,-0.48,0.49,0.01,0,0.47,-1.19,-0.1,0.7,-0.13,-0.29,0.11,0,0,0.51,0.58,4.527
"3hfm","YL50F",2.355,0.02,0,0.26,0,-0.38,-0.46,0.02,-0.05,3.19,0.01,-0.07,0,0,-0.02,2.49,0.135
"3hfm","YL50L",4.393,-0.1,0.04,-0.34,0,0.38,-0.81,0.06,0.55,0.1,-0.05,0.12,0,0,0.03,0.08,4.313
"3hfm","YL50A",4.558,-0.07,0.06,-0.32,0,1.3,-1.54,-0.04,1.1,0,0.01,0.15,0,0,0.25,0.95,3.608
"3hfm","QL53A",0.953,-0.1,0.02,0,0,0.42,-1.05,-0.02,0.57,-0.03,0.15,-0.89,0,0,2.15,1.31,0.357
"3hfm","YL96F",1.402,0.05,0.01,0.07,0,-0.03,-0.33,-0.03,0.13,0,0.18,0.02,0,0,0,0.02,1.382
"3hfm","YL96A",2.707,0.07,0.02,-0.23,0,0.07,-0.74,-0.23,0.37,0.01,0.56,0.15,0,0,0.16,0.13,2.577
"3hfm","HY15A",-0.445,-0.14,0.07,0.02,0,0.14,-0.19,0,0.14,0,-0.01,0,0,0,0.05,0.21,0.655
"3hfm","NY19Q",-0.042,-0.06,0.01,0,0,-0.02,0.01,0,-0.02,0.01,0.03,0.01,0,0,0,0.03,0.072
"3hfm","NY19K",0.24,0.07,0.01,0.02,0,-0.03,0.03,0,-0.02,0,0.02,0.02,0,0,0,0.05,0.19
"3hfm","NY19D",0.41,-0.06,0.01,-0.04,0,-0.02,0,0,-0.01,0,0.02,-0.02,0,0,0,-0.05,0.46
"3hfm","YY20L",2.185,-0.17,-0.02,0,0,0.39,-1.43,-0.14,0.68,-0.03,0.07,0.29,0,0,0.09,-0.11,2.295
"3hfm","YY20A",4.574,-0.26,0.1,-0.44,0,1.36,-3.54,-0.5,2,-0.05,0.18,-1.12,0,0.07,2.03,0.08,4.494
"3hfm","YY20F",-0.484,-0.14,0,0,0,0.06,-0.78,-0.06,0.24,-0.03,0.02,0.05,0,0,0.02,-0.48,0.004
"3hfm","RY21N",2.328,-0.2,0.05,-0.5,0,1.22,-2.37,-0.51,1.6,-0.02,-1.18,-1.1,0,0.08,1.89,-0.84,3.168
"3hfm","RY21H",2.169,0.05,-0.51,-0.5,0.06,0,-1.07,-0.45,0.6,0.04,0.17,-0.78,0,0.08,1.37,-0.98,3.149
"3hfm","RY21A",0.903,-0.1,0.09,-0.5,0,1.27,-2.97,-0.46,1.85,-0.04,0.19,-1.52,0,0.08,1.95,-0.05,0.953
"3hfm","RY21K",1.759,0,0.07,-0.45,0,0.7,-2.24,-0.4,1.38,-0.04,-0.16,-1.16,0,0.08,1.93,-0.28,2.039
"3hfm","RY21G",2.421,-0.45,0.65,-0.5,0,1.68,-3.73,-0.53,2.29,-0.03,-0.94,-1.68,0,0.08,2.51,-0.19,2.611
"3hfm","RY21M",2.05,-0.24,0.63,-0.5,0,-0.04,-2.93,-0.42,1.11,-0.05,-1.09,-0.99,0,0.08,2.44,-1.77,3.82
"3hfm","RY21E",2.453,-0.18,0.63,-0.6,0,1.15,-2.6,-0.52,1.77,-0.04,-1.04,-1.18,0,0.11,2.5,0.17,2.283
"3hfm","RY21W",2.133,0.11,0.12,-0.5,0,-0.63,-1.5,-0.44,0.38,0,-0.57,-0.83,0,0.08,2,-1.91,4.043
"3hfm","RY21Q",2.398,-0.16,0.63,-0.5,0,1.22,-3.01,-0.48,1.82,-0.05,-1.92,-1.39,0,0.08,2.48,-1.1,3.498
"3hfm","WY63A",0.319,0.02,0,-0.03,0,-0.06,-0.18,-0.08,0.06,0.01,0.03,0.25,0,0,0.01,-0.01,0.329
"3hfm","RY73A",-0.331,-0.18,0,0.07,0,0.4,-1,-0.1,0.62,-0.43,0.36,-0.69,0,0.03,1.03,0.27,0.601
"3hfm","LY75A",0.704,-1.01,-0.01,0.01,0,1.9,-0.77,-0.15,1.11,-0.51,0.14,-0.9,0,0,1.05,1.87,1.166
"3hfm","TY89A",0,-0.01,0.02,0.01,0,0.24,-0.2,-0.01,0.18,0,0,0.02,0,0,0.01,0.28,0.28
"3hfm","NY93A",0.211,0,0.03,0,0,0.47,-1.29,-0.05,0.75,-0.01,-0.01,-0.45,0,0,2.26,1.69,1.479
"3hfm","KY96R",5.353,0.01,0.29,0.1,0,0.12,-0.45,0.1,-0.2,0.47,0.15,-0.14,0,-0.04,1.66,2.05,3.303
"3hfm","KY96A",6.988,-0.1,0.09,-0.27,0,0.95,-2.47,-0.08,0.98,-0.17,0.2,0.41,0,0.02,1.44,1.1,5.888
"3hfm","KY96M",6.777,-0.11,0.07,-0.27,0,-0.41,-1.9,-0.02,-0.02,-0.04,0.14,0.79,0,0.02,1.37,-0.27,7.047
"3hfm","KY97R",3.053,0.2,-0.1,-0.76,0,-0.19,1.71,0.33,-0.89,0.21,0.07,0.76,0,-0.19,-2.1,-1.15,4.203
"3hfm","KY97D",6.768,-0.19,-0.03,0.86,0,0.77,-0.24,-0.04,0.42,-0.11,0,-0.18,0,0.56,-1.03,0.99,5.778
"3hfm","KY97E",3.605,-0.27,0,0.83,0,0.56,-0.24,-0.04,0.29,-0.1,0,0.46,0,0.56,-1.23,1.09,2.515
"3hfm","KY97G",6.431,0.14,0.05,0.57,0,0.87,-0.99,-0.04,0.63,-0.23,0.03,-0.33,0,0.32,0.05,0.93,5.501
"3hfm","KY97A",5.861,0.09,0.01,0.57,0,0.84,-0.89,-0.03,0.57,-0.13,-0.01,-0.33,0,0.32,0.02,0.94,4.921
"3hfm","KY97M",0.947,0,-0.02,0.59,0,-0.19,-0.52,0,0,-0.05,0.03,-0.05,0,0.32,0,0.13,0.817
"3hfm","IY98A",0,0.12,-0.01,0.01,0,-0.14,0.04,0,-0.1,0,0.24,0.02,0,0,0.02,0.09,0.09
"3hfm","SY100A",0.268,0.2,0.01,0,0,-0.29,-0.36,-0.05,0.04,0,0.14,0.02,0,0,0.06,-0.42,0.688
"3hfm","DY101R",2.28,0.3,0,0.82,0,-0.62,-0.31,0.09,-0.63,0.29,-0.01,0.73,0,0.02,0,0.38,1.9
"3hfm","DY101S",1.869,-0.18,0.23,0.51,0,0.63,-1.19,0.06,0.37,0.23,-0.22,-0.29,0,0,0.47,0.83,1.039
"3hfm","DY101G",0.359,-0.49,0.1,0.51,0,1,-2.14,-0.18,0.92,-0.52,0.12,-0.32,0,0,0.09,-0.42,0.779
"3hfm","DY101N",1.491,0.02,-0.35,0.51,0,0.01,-1.1,0.09,-0.03,0.1,0.08,0.21,0,0,-0.34,-0.82,2.311
"3hfm","DY101Q",2.085,0.25,0,0.51,0,-0.7,-0.13,0.01,-0.62,0.9,0.25,1.27,0,0,-1.07,0.42,1.665
"3hfm","DY101F",2.328,0.44,0,0.51,0,-0.88,-1.3,0.87,-0.35,0.35,0.04,0.03,0,0,0,-0.72,3.048
"3hfm","DY101A",1.228,-0.22,0.02,0.51,0,0.21,-1.77,-0.06,0.42,-0.02,-0.04,-0.3,0,0,0.04,-0.98,2.208
"3hfm","DY101K",2.125,0.16,0.02,0.61,0,-0.76,-1.38,-0.28,0.06,0.18,0.04,0.96,0,0.03,-1.89,-2.42,4.545
"3hfm","DY101E",2.133,0.19,0,-0.27,0,-0.59,0.83,0.13,-0.47,1.28,0.14,1.06,0,0,0,2.1,0.0329999999999999
"3hfm","GY102V",0.395,0.41,0,0,0,-0.72,0.61,0.04,-0.55,0.33,-1.04,0.2,0,0,-0.03,-1.16,1.555
