"systems","mut","ddg_exp","backbone_vdwclash","backHbond","cis_bond","disulfide","electro","energy_ionisation","energy_solvh","energy_solvp","energy_torsion","energy_vdw","energy_vdwclash","entropy_mainc","entropy_sidec","helix_dipole","sideHbond","total","error"
"1bni","TA100G",2.8,-0.27,0.06,0,0,-0.05,0,0.32,-0.94,-0.68,0.38,0.01,-0.07,-0.52,-0.01,1.77,0.28,2.52
"1bni","YA103F",0,0.01,-0.26,0,0,0.12,0,-0.62,-0.54,-0.06,-0.07,-0.25,0,-0.17,0,2.96,1.12,1.12
"1bni","QA104A",0.2,-0.29,0.63,0,0,0,0,0.52,-0.7,-0.07,0.47,-0.23,-0.03,-0.94,0,0.63,0.28,0.08
"1bni","TA105V",2.2,-0.01,-0.74,0,0,-0.06,0,-0.11,-1.13,-0.11,0.19,-0.27,-0.05,-0.1,0,1.93,-0.46,2.66
"1bni","KA108R",-0.9,-0.04,0,0,0,-0.01,0,0.2,-0.14,0.07,0.06,-0.03,0,0.06,0,-0.16,0.08,0.98
"1bni","IA109A",2.1,-0.27,0.01,0,0,0.29,0,2.72,-0.15,0.2,1.37,0.06,-0.06,-0.64,0.06,-1.27,2.61,0.51
"1bni","IA109V",0.8,-0.12,-0.02,0,0,0.06,0,0.86,0.01,0.41,0.43,0.47,-0.75,-0.6,0,0,0.86,0.0599999999999999
"1bni","VA10A",3.4,-0.03,0.06,0,0,0,0,2.15,-0.34,-0.02,1.07,-0.01,-0.23,-0.48,0,0.08,2.27,1.13
"1bni","VA10T",2.5,-0.12,-0.62,0,0,0,0,1.29,0.72,0.07,0.36,0,0,0.06,0,-0.65,1.23,1.27
"1bni","RA110A",0.4,-0.53,0.68,0,0,1.26,0,1.38,-2.99,0.03,1.56,-0.04,-0.34,-2.83,-0.6,2.73,0.85,0.45
"1bni","DA12A",-0.41,-0.54,-0.75,0,0,0.9,0,0.55,-2.21,0,0.94,0.21,-0.16,-0.91,0.09,1.28,-0.06,0.35
"1bni","DA12G",1.09,-0.48,0.01,0,0,0.46,0,0.45,-1.5,0,0.59,0,0.25,-0.52,0.25,1.05,1.03,0.0600000000000001
"1bni","DA12S",0.65,-0.35,-0.84,0,0,0.89,0,0.62,-1.72,0,0.78,0,0.04,-0.74,0.09,1.5,0.6,0.05
"1bni","YA13A",3.505,-0.11,0,0,0,-0.05,0,2.88,-0.78,-0.07,1.82,0.01,-0.65,-1.42,0,0,1.75,1.755
"1bni","YA13F",0.41,0.09,0,0,0,0,0,-0.14,-0.22,-0.02,0.03,0.01,-0.01,-0.11,0,0,-0.46,0.87
"1bni","YA13G",6.4,-0.28,0.04,0,0,-0.06,0,3.9,-1.06,-0.03,2.35,-0.03,-0.22,-1.49,0,0,3.43,2.97
"1bni","LA14A",4.525,-0.13,-0.01,0,0,-0.01,0,3.34,-0.49,-0.01,1.62,0.05,-0.33,-1,0,0,3.16,1.365
"1bni","QA15A",0.2,-0.09,0.57,0,0,0,-0.01,0.82,-0.77,-0.02,0.61,0,-0.52,-0.94,0,0.58,0.33,0.13
"1bni","QA15G",1.6,-0.39,0.58,0,0,0,-0.01,1.19,-1.21,-0.02,0.9,0.01,-0.27,-0.96,0,0.58,0.8,0.8
"1bni","QA15I",-1,0.16,0.56,0,0,-0.02,0,-0.66,0.03,-0.01,-0.2,0.01,-0.13,-0.44,0,0.58,-0.26,0.74
"1bni","TA16A",0.27,-0.14,0.09,0,0,0,0,-0.02,-0.31,0,0.12,0.03,-0.18,-0.5,0,0.33,-0.44,0.71
"1bni","TA16G",1.66,-0.41,0.09,0,0,0,0,0.54,-0.6,0,0.46,0.01,0.19,-0.58,0,0.33,0.44,1.22
"1bni","TA16R",-0.18,0.36,-0.76,0,0,-0.53,0,-0.74,0.82,0.07,-0.59,0.03,0.06,0.99,0.09,-0.5,-1.05,0.87
"1bni","TA16S",1.785,-0.02,0.09,0,0,0,0,0.21,-0.27,0,0.15,0.02,0.22,-0.4,0,0.33,0.34,1.445
"1bni","YA17A",2.13,-0.42,0,0,0,-0.09,0,1.63,-0.54,-0.01,1.12,-0.06,-0.04,-1,0,0,1,1.13
"1bni","YA17F",0.3,0.03,0,0,0,-0.01,0,-0.14,0.04,-0.01,-0.07,0.02,0.01,-0.06,0,0,-0.21,0.51
"1bni","YA17G",4.465,-0.72,-0.73,0,0,-0.02,0,2.82,-1.53,-0.02,1.82,-0.07,-0.25,-0.45,0,-0.8,0.78,3.685
"1bni","YA17S",2.57,-0.13,-1.13,0,0,-0.09,0,1.88,0.21,0.15,0.76,1.33,-0.44,-0.44,0,-1.15,1.08,1.49
"1bni","HA18A",1.85,-0.72,0.49,0,0,0,-0.11,0.96,-1.22,-0.03,0.93,-0.01,-0.01,-0.88,0,0.45,0.57,1.28
"1bni","HA18D",2.56,-0.35,0.49,0,0,-0.01,-0.11,0.68,0.02,-0.09,0.57,-0.1,-0.34,-0.58,0,0.45,0.98,1.58
"1bni","HA18G",0.39,-1.03,0.49,0,0,0,-0.11,1.43,-1.76,-0.09,1.28,-1.07,-1.18,-0.9,0,0.45,-1.47,1.86
"1bni","HA18K",1.195,0.33,-0.78,0,0,-0.04,-0.11,0.01,0.4,-0.05,0.11,0.02,0.02,0.77,0,-0.78,-0.41,1.605
"1bni","HA18N",1.68,-0.15,0.32,0,0,0,-0.11,0.53,-0.46,-0.04,0.38,-0.06,-0.68,-0.35,0,0.28,-0.18,1.86
"1bni","HA18Q",1.6,-0.35,0.49,0,0,0,-0.11,0.51,-0.67,-0.08,0.55,-0.07,-0.23,-0.07,0,-0.69,-0.36,1.96
"1bni","HA18R",1.17,-0.01,-0.11,0,0,0.02,-0.11,0.43,-0.47,-0.02,0.44,0.06,-0.32,0.03,0,-0.16,-0.2,1.37
"1bni","HA18S",2.28,-0.59,0.49,0,0,0,-0.11,1.01,-0.91,0.03,0.79,-0.11,-0.26,-0.71,0,0.45,0.67,1.61
"1bni","KA19R",-0.2,-0.01,-1.58,0,0,-0.22,0,0.26,0.67,0.06,-0.12,-0.05,-0.02,1.33,0.01,-1.62,-1.26,1.06
"1bni","DA22M",0.27,0,0,0,0,0.13,0,0.01,-0.01,0,0.01,0,0.26,-0.1,0,0,0.31,0.04
"1bni","NA23A",2.2,-0.1,0.68,0,0,0,0,0.44,-1.77,-0.05,0.87,0.14,-0.16,-0.69,0,1.02,0.48,1.72
"1bni","YA24F",0,-0.13,0.06,0,0,-0.06,0,-0.16,-1.11,-0.01,0.29,-0.03,-0.01,-0.12,0,1.76,0.6,0.6
"1bni","IA25A",3.5,-0.11,0.15,0,0,-0.01,0,3.08,-0.91,0.01,1.59,-0.04,0.13,-1.29,0,0,2.7,0.8
"1bni","IA25V",1.1,0.1,-0.03,0,0,-0.01,0,1.24,-0.11,0.02,0.58,-0.73,-0.18,-0.66,-0.01,-0.02,0.09,1.01
"1bni","TA26A",2.05,-0.3,0.34,0,0,0.01,0,0.26,-0.78,-0.24,0.54,-0.67,-1.11,-1,0,1.03,-1.61,3.66
"1bni","TA26D",0.08,-0.32,0.34,0,0,0.29,0,0.18,-1.61,0.01,0.49,0.37,-0.08,-0.36,-2.27,-1.74,-4.38,4.46
"1bni","TA26E",0.05,-0.13,0.47,0,0,0.44,0,-0.49,0.03,-0.16,0.01,-0.69,-0.5,-0.31,-0.58,1.23,-0.54,0.59
"1bni","TA26G",1.72,-0.76,0.24,0,0,0,0,0.97,-2.66,-0.24,1.14,-0.7,-0.9,-1.09,0.04,0.83,-2.36,4.08
"1bni","TA26N",1.29,-0.07,0.4,0,0,-0.02,0,-0.17,0.57,-0.23,-0.21,-0.64,-0.78,-0.26,0,1.21,-0.14,1.43
"1bni","TA26Q",1.72,-0.13,0.26,0,0,-0.12,0,-0.4,0.39,-0.24,-0.16,-0.7,-0.69,0.8,0.01,-0.66,-1.5,3.22
"1bni","TA26S",0.56,-0.29,-0.49,0,0,-0.01,0,0.59,-1.2,-0.23,0.46,-0.7,-0.74,-0.03,0.03,-0.53,-2.85,3.41
"1bni","TA26V",2.31,0.02,0.59,0,0,0,0,-0.51,0.3,-0.17,-0.02,-0.53,-0.08,-0.73,-0.04,1.4,0.21,2.1
"1bni","KA27G",0.475,-0.32,0.1,0,0,0.52,0,1.61,-1.31,-0.03,1.11,-0.01,0.26,-0.66,-0.1,0,1.51,1.035
"1bni","SA28A",-0.41,-0.15,0.01,0,0,0,0,-0.05,-0.31,-0.17,0.1,-0.7,-0.2,-0.49,0,0.69,-1.12,0.71
"1bni","SA28E",-0.4,0.19,0,0,0,0.49,0,-0.42,0.4,-0.16,-0.24,-0.7,-0.09,0.24,-0.54,-0.3,-1.33,0.93
"1bni","SA28G",0.45,-0.43,-0.24,0,0,-0.04,0,0.3,-1.21,-0.17,0.45,-0.7,0.31,-0.52,0.05,0.35,-1.43,1.88
"1bni","EA29A",1.25,-0.21,0.94,0,0,-0.09,0,0.78,-1.14,-0.01,0.64,-0.7,-0.12,-1.41,0.23,0.86,-0.01,1.26
"1bni","EA29G",1.805,-0.28,0.99,0,0,-0.09,0,1.59,-1.47,-0.01,1.1,-0.7,0.36,-1.51,0.23,0.86,1.35,0.455
"1bni","EA29Q",0,0.04,0.33,0,0,-0.09,0,-0.08,-0.69,0.04,0,-0.7,0.09,-0.18,0.23,0.27,-0.79,0.79
"1bni","EA29S",1.23,-0.02,0.27,0,0,-0.09,0,1.06,-0.25,0.28,0.41,-0.11,0.08,-0.88,0.23,-0.85,0.15,1.08
"1bni","QA31A",-0.1,-0.17,0.07,0,0,0,0,0.72,-0.4,-0.01,0.51,0,-0.18,-0.5,0,0,0.2,0.3
"1bni","QA31G",0.98,-0.5,0.11,0,0,0,0,1.15,-0.85,-0.02,0.85,0,0.29,-0.51,0,0,1.02,0.04
"1bni","QA31S",0.217,-0.09,-0.54,0,0,0,0,0.92,-0.03,-0.01,0.42,0,0.02,0.04,0,-0.63,0.18,0.037
"1bni","AA32C",1,0.21,-0.14,0,0,0,0,-0.47,0.06,0.18,-0.38,0.05,0.6,0.46,0,-0.14,0.23,0.77
"1bni","AA32D",0.7,0.07,0,0,0,0.08,0,0.04,0.13,0,-0.03,0,0.24,0.09,0.66,0,1.23,0.53
"1bni","AA32E",0.6,0.18,0,0,0,0.09,0,-0.2,0.25,0,-0.18,0,0.11,0.05,0.4,0,0.53,0.07
"1bni","AA32F",0.7,0.52,-0.51,0,0,0,0,-0.74,1.19,0.06,-0.81,0,0.58,0.9,0,-0.52,0.16,0.54
"1bni","AA32G",0.9,-0.12,0,0,0,0,0,0.33,-0.88,0.01,0.23,0.01,0.46,-0.04,0,0,0.11,0.79
"1bni","AA32H",0.8,0.27,-0.84,0,0,-0.1,0.25,-0.09,0.61,0,-0.2,0,0.71,0.88,-0.51,-0.88,-0.15,0.95
"1bni","AA32I",0.8,0.48,0,0,0,0,0,-0.62,0.63,0.69,-0.48,0.05,0.44,0.27,0,0,0.99,0.19
"1bni","AA32K",0.2,0.37,0,0,0,-0.04,0,-0.85,0.46,0.22,-0.53,0.03,0.27,0.54,-0.19,0,-0.08,0.28
"1bni","AA32L",0.3,0.51,-0.41,0,0,0,0,-0.61,0.9,0.13,-0.62,0.26,0.17,0.65,0,-0.41,0.05,0.25
"1bni","AA32M",0.3,0.39,0,0,0,0,0,-0.76,0.53,0.02,-0.5,0.01,0.39,0.32,0,0,0,0.3
"1bni","AA32N",0.7,0.22,-0.59,0,0,0,0,-0.08,0.4,0,-0.18,0,0.42,0.7,0,-0.63,0.04,0.66
"1bni","AA32P",4.1,-1.38,0.76,0,0,0,0,-0.79,0.21,0,-0.44,2.75,-0.75,0.36,0.1,0,2.2,1.9
"1bni","AA32Q",0.5,0.25,-0.38,0,0,0,0,-0.07,0.32,0.01,-0.13,0,0.22,0.43,0,-0.39,0.02,0.48
"1bni","AA32R",0.1,0.52,-0.86,0,0,-0.12,0,-0.52,1,0.07,-0.63,0.01,0.24,1.68,-0.2,-0.88,-0.2,0.3
"1bni","AA32S",0.4,0.23,-0.63,0,0,0,0,0.04,0.29,0.01,-0.16,0,0.21,0.56,0,-0.63,-0.31,0.71
"1bni","AA32T",0.8,0.12,-0.16,0,0,0,0,0.06,0.28,0.39,-0.07,0,0.32,0.37,0,-0.32,0.86,0.0599999999999999
"1bni","AA32V",0.9,0.37,0,0,0,0,0,-0.49,0.47,0.83,-0.36,0.04,0.36,0.2,0,0,1.06,0.16
"1bni","AA32W",1,0.48,-0.04,0,0,0,0,-0.68,0.73,0,-0.6,0.05,0.64,0.31,0,0,0.4,0.6
"1bni","AA32Y",0.8,0.46,-0.59,0,0,0,0,-0.56,0.8,0.05,-0.59,0,0.57,0.84,0,-0.6,-0.07,0.87
"1bni","LA33Q",1.3,0.12,-0.53,0,0,0,0,0.79,-0.03,-0.02,0.24,0.04,0.05,0.39,0,-0.53,0.4,0.9
"1bni","GA34A",3.12,0.15,0,0,0,0,0,-0.35,0.39,0,-0.26,1.42,1.83,0.01,0,0,3.03,0.0900000000000003
"1bni","GA34D",3.39,0.21,-0.02,0,0,-0.08,0,-0.48,0.58,0.01,-0.38,1.46,1.84,0.14,0.15,0,3.22,0.17
"1bni","GA34H",2.8,0.23,-0.02,0,0,-0.01,0.05,-0.47,0.68,0.01,-0.4,1.5,1.87,0.07,0.01,0,3.3,0.5
"1bni","GA34K",3.12,0.19,-0.02,0,0,0.01,0,-0.82,0.74,0.13,-0.59,1.48,1.87,0.24,-0.04,0,3.01,0.11
"1bni","GA34N",2.75,0.23,-0.03,0,0,0,0,-0.55,0.64,0.04,-0.43,1.47,1.85,0.14,0,0,3.13,0.38
"1bni","GA34R",2.42,0.35,-0.72,0,0,-0.03,0,-0.84,0.92,0.09,-0.67,1.82,2.28,0.98,-0.11,-0.72,3,0.58
"1bni","GA34S",3.2,0.25,0,0,0,0,0,-0.2,0.38,0,-0.24,1.42,1.82,0.08,0,0,3.26,0.0599999999999996
"1bni","GA34T",3.37,0.25,-0.03,0,0,0,0,-0.52,0.69,0.82,-0.43,2.16,1.87,0.11,0,0,4.66,1.29
"1bni","VA36A",1.3,-0.09,0.01,0,0,0,0,0.72,-0.48,-0.01,0.5,0.01,0.86,-0.56,0,0.01,1.05,0.25
"1bni","VA36T",1.1,-0.08,0,0,0,0,0,0.6,0.27,-0.01,0.24,0.01,0,0.87,-0.01,-1.69,0.28,0.82
"1bni","NA41D",2.5,-0.05,0.27,0,0,0.01,0,0.16,1.13,-0.09,0.18,0,-0.43,-0.24,0.09,0.26,1.37,1.13
"1bni","DA44E",-0.1,0.01,0,0,0,-0.05,0,-0.37,0.56,0.08,-0.3,0,-0.04,0.7,0.02,-1.03,-0.42,0.32
"1bni","VA45A",1.8,-0.76,0.04,0,0,0,0,1.97,-1.26,-0.12,1.25,0,-0.59,-0.5,0,0.03,0.82,0.98
"1bni","VA45T",2.4,-0.34,-0.26,0,0,0,0,1.34,0.51,-0.06,0.43,0,-0.12,0.06,0,-0.3,1.6,0.8
"1bni","IA4A",1.4,-0.24,0.07,0,0,0,0,1.86,-0.73,-0.13,1.08,-0.09,0.51,-0.72,0,0,1.86,0.46
"1bni","IA4V",0.6,0.03,0.01,0,0,0,0,0.66,-0.1,0.23,0.34,0.1,0.08,-0.31,0,0,1,0.4
"1bni","IA51A",4.7,-0.25,-0.46,0,0,0.7,0,3.55,-2.18,0.06,2.07,-0.02,0.06,-0.69,0.04,-0.78,2.36,2.34
"1bni","IA51V",1.83,-0.13,0.12,0,0,0.02,0,1.31,-0.36,-0.15,0.7,0.01,-0.09,-0.57,0,0,0.99,0.84
"1bni","GA52A",5.3,0.14,0.08,0,0,-0.03,0,-0.97,0.54,0,-0.56,7.18,-0.13,0,0,0.14,6.26,0.96
"1bni","GA52V",8.4,0.22,-0.02,0,0,-0.01,0,-2.66,1.14,0.08,-1.43,19.61,0.74,0.43,0,0.07,17.96,9.56
"1bni","GA53A",3.4,0.12,0.03,0,0,-0.01,0,-0.71,0.5,-0.21,-0.44,1.44,1.79,-0.03,0,0.2,2.57,0.83
"1bni","GA53V",7.8,0.2,0.01,0,0,-0.03,0,-1.78,1.22,0.93,-1.1,2.92,1.8,0.46,0,0.15,4.59,3.21
"1bni","DA54A",3.15,-0.24,0.8,0,0,0.31,0,0.4,-2.12,-0.22,0.62,-0.44,-0.61,-1.14,0.52,1.52,-0.36,3.51
"1bni","DA54N",2.515,-0.08,-0.08,0,0,0.53,0,-0.08,-1.12,-0.01,-0.03,0.01,0.15,0.2,0.49,-0.09,-0.02,2.535
"1bni","IA55A",1.1,-0.02,0.08,0,0,0,0,1.53,-1.14,-0.18,1.08,-0.02,-0.22,-0.75,0,0,0.38,0.72
"1bni","IA55G",3.1,-0.01,0.09,0,0,-0.01,0,1.78,-1.41,-0.17,1.29,-0.02,0.08,-0.8,0,0,0.83,2.27
"1bni","IA55T",0.6,0,0.05,0,0,0,0,1.14,-0.61,-0.11,0.73,-0.02,-0.22,-0.45,0,0,0.51,0.09
"1bni","IA55V",0.3,0.02,0.03,0,0,0,0,0.82,-0.45,-0.07,0.53,-0.02,-0.19,-0.34,0,0,0.31,0.01
"1bni","NA58A",2.7,-0.24,0.68,0,0,0,0,0.85,-1.95,-0.13,1.13,0.15,-0.01,-0.74,0,0.73,0.73,1.97
"1bni","NA58D",-0.5,-0.07,-0.05,0,0,-0.02,0,0.16,0.93,-0.06,0.23,0,0.26,-0.24,0,-0.03,1.2,1.7
"1bni","NA5A",1.9,-0.38,0.73,0,0,0,0,0.56,-1.36,-0.09,0.73,0.03,0.03,-1.15,0,0.76,0.23,1.67
"1bni","KA62R",0.45,-0.11,-0.1,0,0,-0.11,0,0.26,0.01,0.06,0.09,0,0.08,-0.18,0,0.17,0.29,0.16
"1bni","GA65S",-0.5,0.01,0,0,0,0,0,-0.05,0.37,-0.01,-0.15,0.01,0,0.01,0,0,0.18,0.68
"1bni","KA66A",-0.2,0,0,0,0,0.51,0,0.95,-1.41,-0.02,0.76,0.19,-1.54,-0.73,0,0.42,-0.88,0.68
"1bni","RA69K",3.13,-0.07,-0.3,0,0,1.17,0,-0.33,-0.12,-1.01,0.53,0.05,-0.12,0.04,0,0.33,0.23,2.9
"1bni","RA69M",2.49,0.03,0.53,0,0,1.76,0,-1.05,-2.65,-1,0.36,0,0.25,-0.48,0,1.23,-1.05,3.54
"1bni","RA69S",2.72,-0.19,-0.03,0,0,1.92,0,2.72,-3.9,-0.89,2.48,0.18,-0.14,-1.53,0,0.82,1.63,1.09
"1bni","TA6A",2.287,-0.28,0.49,0,0,0,0,0,-0.09,0,0.24,0.01,0.01,-0.53,0,0.48,0.59,1.697
"1bni","TA6D",-0.11,0.09,-0.82,0,0,0.27,0,-0.37,0.6,0.05,-0.21,1.08,0.01,0,-2.87,-0.8,-3.06,2.95
"1bni","TA6E",0.27,0.3,-1,0,0,0.08,0,-0.9,1.9,0.01,-0.67,0.05,-0.04,1,-0.99,-0.88,-1.42,1.69
"1bni","TA6G",1.27,-0.65,0.49,0,0,0,0,0.3,-1.16,-0.01,0.48,0,0.21,-0.53,0,0.48,0.27,1
"1bni","TA6H",2.105,0.06,-0.07,0,0,0,0.05,-0.5,1.02,0,-0.37,0.01,0.14,0.31,0,0,0.59,1.515
"1bni","TA6N",1.27,0.09,0.08,0,0,0,0,-0.37,0.19,0,-0.23,0.13,-0.07,0.16,0,-0.67,-0.79,2.06
"1bni","TA6P",3.08,-0.41,0.47,0,0,0,0,-1.09,-0.29,0.01,-0.33,1.19,0.11,-0.19,0,0.48,0.34,2.74
"1bni","TA6Q",1.87,0.11,0.47,0,0,0,0,-0.4,0.92,0,-0.27,0.01,-0.14,1.02,0,-0.78,0.83,1.04
"1bni","TA6S",0.22,-0.15,-0.26,0,0,0,0,0.13,-0.4,0.42,0.11,0,-0.25,0,0,-0.23,-0.48,0.7
"1bni","RA72G",2.5,-0.35,1.06,0,0,0.23,0,2.55,-2.34,-1.07,2.07,-0.06,0.29,-2.06,-0.08,0.73,1.33,1.17
"1bni","EA73A",2.5,-0.3,-0.48,0,0,0.87,0,0.99,-3.03,-0.01,1.09,-1.5,-0.18,-1.53,0.12,2.59,-1.07,3.57
"1bni","EA73G",5.4,-0.32,0.01,0,0,0.66,0,1.71,-2.91,-0.05,1.45,-1.54,-0.17,-1.56,0.07,3.03,0.7,4.7
"1bni","DA75N",4.9,0,-0.55,0,0,3.32,0,-0.04,-0.73,0,-0.15,-1.12,0.29,0.18,0.08,0.51,1.79,3.11
"1bni","IA76A",1.9,-0.65,0.05,0,0,0,0,3.41,-1.27,-0.01,1.85,-0.3,0.22,-0.96,0,0.02,3.01,1.11
"1bni","IA76V",0.8,-0.21,0.01,0,0,-0.01,0,0.92,-0.2,0.04,0.46,-0.12,-0.21,-0.54,0,0,0.36,0.44
"1bni","NA77A",1.6,-0.33,0,0,0,-0.02,0,0.4,-1.07,-0.05,0.54,0.19,0.89,-0.69,0,1.75,1.94,0.34
"1bni","YA78F",1.45,-0.07,0.63,0,0,-0.02,0,-0.12,-0.75,0,0.24,0.04,-0.1,-0.11,0,0.63,0.44,1.01
"1bni","TA79V",-0.3,0.04,0.33,0,0,0,0,-0.09,0.19,0,-0.1,0,0.05,-0.38,0,0.37,0.38,0.68
"1bni","FA7L",4.6,0.01,0.08,0,0,0.07,0,0.81,-0.7,0.05,0.77,-0.05,-0.15,-0.01,-0.02,0,0.86,3.74
"1bni","RA83K",4.13,-0.03,-0.38,0,0,1.4,0,0.18,-1.68,-0.16,0.92,-1.05,-0.41,-1,-0.03,3.16,0.96,3.17
"1bni","RA83Q",1.815,-0.12,-0.5,0,0,2.22,0,0.37,-1.79,-0.12,0.82,-0.62,0.23,-0.17,-0.07,-1.13,-0.76,2.575
"1bni","NA84A",2,-0.36,1.04,0,0,-1.91,0,0.8,-1.98,0.06,1.13,0.92,0.02,-0.75,0.01,2.56,1.91,0.0900000000000001
"1bni","SA85A",0.12,0.03,0,0,0,-0.01,0,-0.18,-0.21,0,0.04,0.03,0.35,-0.14,0,0,-0.13,0.25
"1bni","IA88A",4.205,-0.18,0.11,0,0,0,0,3.07,-0.46,-0.03,1.47,-0.05,0.39,-0.99,0,0,3.52,0.685
"1bni","IA88G",7.4,-0.23,0.21,0,0,-0.01,0,4.11,-0.67,-0.03,2,-0.06,0.66,-1.02,0,0,5.2,2.2
"1bni","IA88L",0.3,-0.04,0.09,0,0,0,0,-0.04,-0.23,-0.03,0.03,0.07,0.05,0,0,0,-0.06,0.36
"1bni","IA88V",1.37,-0.12,0,0,0,0,0,1.02,-0.16,0.08,0.49,-0.03,-0.06,-0.53,0,0,0.81,0.56
"1bni","LA89G",7,-0.18,-0.88,0,0,0.27,0,4.3,-1.18,0.03,2.26,-1.91,0.75,-0.95,0,-0.32,2.37,4.63
"1bni","LA89T",2.5,-0.06,-1.55,0,0,0.14,0,2.27,0.07,0.16,0.88,-0.81,-0.62,-0.41,0,-2.11,-1.97,4.47
"1bni","LA89V",0.3,-0.08,-0.7,0,0,0.01,0,1.15,-0.4,0.03,0.63,-0.77,-0.47,-0.53,0,-0.58,-1.62,1.92
"1bni","DA8A",0.795,-0.45,-0.3,0,0,0.83,0,0.38,-1.8,0,0.76,-0.01,-0.16,-1.09,0.46,2.03,1.11,0.315
"1bni","DA8G",1.17,-0.63,-0.88,0,0,0.82,0,0.56,-2.03,0,0.9,0.31,0.31,-0.77,0.47,1.16,0.86,0.31
"1bni","DA8S",0.97,-0.02,0,0,0,0.42,0,0.21,-0.36,0,0.15,0,-0.04,0.01,0.63,-0.01,1.01,0.04
"1bni","SA91A",1.48,-0.14,1.05,0,0,0.03,0,-0.5,-0.61,-0.25,0.28,-0.04,0.23,-0.58,0,2.85,2.47,0.99
"1bni","SA92A",2.815,-0.05,0.56,0,0,0.03,0,-0.07,-0.67,0,0.26,0,-0.07,-0.54,0,0.56,0.07,2.745
"1bni","DA93N",4.11,0.05,-0.03,0,0,2.58,0,0.31,-1.89,-0.03,0.33,0.01,-0.18,-0.23,0,1.59,2.46,1.65
"1bni","WA94F",0.83,-0.68,-0.01,0,0,0,-0.01,1.7,-0.92,-0.13,1.11,-0.09,-0.6,-0.15,0,-0.02,0.88,0.05
"1bni","WA94L",0.963,-0.73,-0.06,0,0,0,-0.03,0.76,-0.95,0,0.9,-0.09,-0.4,0.05,0,0,0.17,0.793
"1bni","WA94Y",1.13,-0.69,0,0,0,0,-0.01,1.84,-0.78,-0.02,1.15,-0.08,-0.6,-0.19,0,0,1.3,0.17
"1bni","LA95G",4.7,-0.36,0.06,0,0,0.49,0,2.27,-2.21,-0.09,1.57,-0.02,0.85,-0.78,0,0.03,2.18,2.52
"1bni","IA96A",3.462,-0.21,0.06,0,0,0,0,3.55,-0.64,-0.04,1.77,-0.03,0.71,-1.08,0,0,4.3,0.838
"1bni","IA96G",5.7,-0.34,0.18,0,0,0,0,4.69,-1.23,-0.04,2.41,-0.04,1.12,-1.14,0,0,5.94,0.24
"1bni","IA96V",1.02,-0.09,0,0,0,-0.01,0,1.31,-0.26,-0.04,0.66,-0.02,-0.15,-0.59,0,0,0.91,0.11
"1bni","YA97G",6.6,-0.23,0.29,0,0,0.03,0,3.76,-2.19,-0.02,2.46,-0.03,0.45,-1.72,0,1.09,4.12,2.48
"1bni","TA99V",2.7,-0.21,-0.04,0,0,-1.88,0,-0.81,-2.7,-0.07,0.39,2.41,-0.72,-0.92,0,4.27,-0.06,2.76
"1bvc","EA109A",-0.265,-0.29,0.06,0,0,-0.46,0,0.42,0.16,0,0.19,0.03,-0.12,0.02,0.2,-0.28,0.23,0.495
"1bvc","EA109G",0.925,-0.49,0.1,0,0,-0.16,0,0.76,-0.63,0.01,0.54,0,0.35,-0.24,0.2,0,0.93,0.005
"1bvc","IA111A",1.8,-0.04,0.15,0,0,0,0,3.25,-0.21,-0.02,1.52,0,-0.16,-1.2,0,0,3.35,1.55
"1bvc","IA111L",0.6,-0.15,0.03,0,0,0,0,-0.36,-0.1,0.04,-0.16,0.05,-0.08,-0.08,0,0,-0.67,1.27
"1bvc","IA111M",1.1,0.03,0,0,0,0,0,-0.17,0.04,-0.01,-0.28,0.01,0.31,0.45,0,0,0.35,0.75
"1bvc","VA114A",1.4,-0.38,0.14,0,0,1.14,-0.04,2.57,-2.85,-0.01,2.14,-0.04,-0.22,-1.09,-0.55,0.36,1.57,0.17
"1bvc","HA116A",-0.2,-0.1,0.37,0,0,0,-0.07,0.51,-0.8,0,0.52,0,-0.53,-0.76,0,0.36,-0.38,0.18
"1bvc","SA117A",0.3,-0.38,0.76,0,0,0.48,-0.03,0.53,-2.96,-0.02,1.35,0.01,-0.2,-0.76,-0.23,0.57,-0.49,0.79
"1bvc","LA11A",0.4,-0.58,0.31,0,0,0,0,2.67,-0.81,0.01,1.44,-0.01,-0.15,-1.21,-0.03,0,2.23,1.83
"1bvc","FA123K",1.4,-0.05,0.02,0,0,0.06,0,1.21,2.6,0,0.44,0.09,-0.18,0.74,-0.05,0,4.93,3.53
"1bvc","GA129A",-1.1,0.17,-0.06,0,0,-0.02,0,-0.48,0.51,0,-0.35,0.03,-0.47,0.06,0,0,-0.78,0.32
"1bvc","AA130K",1.4,0.33,0.3,0,0,-0.46,0,-1.51,2.94,0.28,-1.24,7.29,0.24,1.64,0.28,0.45,10.2,8.8
"1bvc","AA130L",0.6,0.34,-0.28,0,0,-0.06,0,-2.33,1.52,0.14,-1.36,9.64,0.14,0.96,0,0.04,8.41,7.81
"1bvc","MA131A",1.467,-0.14,0.16,0,0,0,0,3.81,-0.21,0,2.01,0,-0.31,-1.36,0,0,4.1,2.633
"1bvc","LA135I",1.5,0.01,-0.11,0,0,-0.09,0.01,-0.43,0.4,0.27,-0.33,1.17,0.25,0.19,0,-0.01,1.32,0.18
"1bvc","LA135M",0.8,-0.03,-0.02,0,0,0.02,0,-0.71,-0.12,0,-0.5,0.02,0.16,0.3,0,0,-0.86,1.66
"1bvc","LA135V",2.2,-0.11,-0.05,0,0,-0.04,0.01,0.81,0.1,0.05,0.33,1.31,0.16,-0.54,0,-0.01,2.14,0.0600000000000001
"1bvc","LA137A",1.8,-0.29,0.09,0,0,0.06,-0.02,1.57,-1.02,0,0.99,0,-0.13,-0.77,0,0,0.77,1.03
"1bvc","VA13A",0.7,-0.4,0.12,0,0,0.02,-0.04,2.45,-0.83,-0.02,1.32,0,-0.23,-0.46,0,0.01,2.34,1.64
"1bvc","KA140A",-0.475,-0.49,0.12,0,0,0.25,-0.02,0.79,-0.88,-0.01,0.65,0.04,-0.17,-0.69,0,0.03,0.09,0.565
"1bvc","IA142A",1.5,-0.02,0.18,0,0,-0.01,-0.05,2.79,-0.26,-0.09,1.36,0.12,-0.16,-1.13,0,0,2.76,1.26
"1bvc","IA142L",-0.6,0.06,0,0,0,0,0.04,-0.23,-0.01,-0.06,-0.12,0.01,-0.08,0.05,0.01,0,-0.4,0.2
"1bvc","IA142M",-0.9,0.01,0.01,0,0,0.01,0.05,-0.74,0.21,-0.06,-0.59,0.11,0.31,0.41,0,-0.01,-0.3,0.6
"1bvc","IA142V",0.1,0.08,-0.06,0,0,0,-0.01,0.87,-0.08,0.07,0.41,0,0.02,-0.55,0,0,0.69,0.59
"1bvc","LA149A",1.6,-0.5,0.2,0,0,0,0,1.92,-0.79,-0.01,1.09,-0.04,0.14,-0.75,0,0,1.76,0.16
"1bvc","WA14F",0.733,0.14,-0.05,0,0,-0.01,0,2.6,-0.24,0.1,1.36,0.01,-0.1,-0.26,0.03,0,3.45,2.717
"1bvc","EA18A",0.6,-0.1,0.04,0,0,0.13,0,0.51,-0.14,-0.03,0.29,0,0.14,-0.24,-0.01,0,0.69,0.09
"1bvc","GA23A",1.1,-0.12,0.24,0,0,0.45,-0.03,0.33,-2.21,-0.02,0.94,0.83,-0.47,-0.32,0.24,0.26,0.24,0.86
"1bvc","IA28A",1.3,-0.17,0.14,0,0,0,0,3.12,-0.23,-0.01,1.45,0,-0.2,-1.05,0,0,3.21,1.91
"1bvc","IA28L",0.6,-0.01,0,0,0,0,0,-0.3,-0.01,0.14,-0.13,1.36,-0.08,0.19,0,0,1.19,0.59
"1bvc","IA28M",0.6,-0.03,0.01,0,0,0,0,-0.43,-0.01,-0.01,-0.4,0,0.1,0.28,0,-0.04,-0.5,1.1
"1bvc","IA28V",0,0.11,-0.02,0,0,0,0,1.11,0.04,0.03,0.47,0.02,0.02,-0.54,0,0,1.13,1.13
"1bvc","LA29A",2.4,-0.51,0.32,0,0,0,0,2.71,-0.62,0,1.4,0,-0.13,-1.1,0,0,2.59,0.19
"1bvc","LA29I",1.1,-0.25,0.16,0,0,0.03,0,0.11,-0.19,0,0.1,3.27,0.07,0,0,0,3.55,2.45
"1bvc","LA29M",-0.1,-0.08,0.07,0,0,0,0,-0.49,-0.09,0,-0.42,0,0.18,0.37,0,0,-0.36,0.26
"1bvc","LA29V",1.7,-0.22,0.1,0,0,0,0,0.77,-0.48,0.06,0.38,1.36,0.1,-0.42,0,-0.01,1.86,0.16
"1bvc","HA36Q",0.533,-0.07,0.06,0,0,0.01,-0.08,0.38,-0.41,0.02,0.36,0.68,0.4,0.89,0,-1.27,1.03,0.497
"1bvc","DA44A",0.175,0,0.02,0,0,0.19,0,0.17,-0.16,0,0.13,0,-0.21,-0.27,-0.23,0,-0.35,0.525
"1bvc","LA49I",0.8,0.02,0,0,0,0,0,-0.54,-0.12,0.46,-0.23,0.55,0.26,0,0,0,0.37,0.43
"1bvc","EA4A",0.625,-0.07,0.9,0,0,-0.06,0,0.3,-0.65,0,0.31,0,-0.13,-0.97,0.87,0.87,1.46,0.835
"1bvc","TA51A",1.4,-0.33,0.62,0,0,0.02,0,0.35,-0.39,-0.1,0.48,0,-0.07,-0.58,0,0.61,0.96,0.44
"1bvc","KA56A",0.225,-0.3,0.13,0,0,0.1,0,1.18,-0.6,-0.02,0.72,-0.02,-0.21,-0.65,-0.03,0,0.59,0.365
"1bvc","DA60A",0.125,-0.15,0.01,0,0,0.82,0,0.34,-1.67,0,0.51,-0.03,-0.31,-1.54,0.57,1.23,-0.08,0.205
"1bvc","VA66A",-0.8,-0.47,0.15,0,0,0,0,1.03,-0.6,-0.01,0.65,0,-0.22,-0.44,0,0,0.56,1.36
"1bvc","TA67A",0.3,-0.17,-0.02,0,0,0,0,0.02,-0.35,0,0.12,0,-0.18,-0.12,0,0,-0.53,0.83
"1bvc","VA68T",0.4,-0.24,0.06,0,0,0,0,0.63,0.04,0.01,0.26,0,0,-0.1,0,0,0.91,0.51
"1bvc","LA69A",1.2,-0.58,0.26,0,0,0,0,3.29,-0.66,-0.01,1.68,0.01,-0.15,-1.06,0,0,3.36,2.16
"1bvc","LA69I",0,-0.08,0,0,0,0,0,-0.1,0.15,1.05,-0.11,0.29,0.25,0.02,0,0,1.55,1.55
"1bvc","LA69M",0,-0.15,0.04,0,0,0,0,-0.55,-0.08,-0.01,-0.45,0.01,0.16,0.45,0,0,-0.43,0.43
"1bvc","LA69V",0.1,-0.23,0.1,0,0,0,0,1.29,-0.06,0.97,0.58,0.25,0.16,-0.58,0,0,2.71,2.61
"1bvc","KA77A",0.035,-0.23,0.01,0,0,0,0,1.13,-0.31,0,0.63,0,-0.2,-0.83,0.27,0,0.7,0.665
"1bvc","WA7F",0.633,-0.5,0.03,0,0,0.08,-0.02,1.11,-0.86,0.02,0.88,-0.02,-0.01,0.05,0.01,0,1.26,0.627
"1bvc","PA88A",-0.6,0.5,0.77,0,0,0.01,0,0.92,-1.47,-0.02,0.76,-0.02,0.79,-1.05,0.7,0.78,2.18,2.78
"1bvc","QA8A",-0.98,-0.53,0.55,0,0,0,0,0.61,-0.8,-0.05,0.55,0,-0.18,-0.84,0,0.47,0.33,1.31
"1bvc","QA8G",0.565,-0.96,0.63,0,0,0,0,0.96,-1.21,-0.05,0.84,0,0.29,-0.88,0,0.47,1.07,0.505
"1bvc","LA9A",0.4,-0.87,0.08,0,0,0.01,0,1.96,-1.22,0,1.18,-0.07,-0.14,-0.81,0,0,0.99,0.59
"1hfz","YA103A",2.39,-0.17,1.23,0,0,0,0,2.65,-1.55,-1.44,2.04,0.08,-0.6,-0.96,0,1.17,2.61,0.22
"1hfz","YA103P",0.22,-0.65,0.79,0,0,0,0,1.06,-1.88,-0.04,1.24,6.59,-1.38,-0.55,0,0.72,6.53,6.31
"1hfz","WA104Y",2.44,-0.01,0.37,0,0,0.03,0,1.28,0.17,0,0.65,0,-0.24,-0.01,0,0.39,2.63,0.19
"1hfz","AA106S",1.05,0.09,-0.36,0,0,0,0,0.47,0.99,0,-0.22,0,0.21,0.51,0,-0.37,1.21,0.16
"1hfz","HA107A",0.79,-0.26,-0.4,0,0,0,-0.12,2.03,-2.32,-0.1,1.6,0,-0.39,-1.96,0,3.07,1.41,0.62
"1hfz","HA107W",1.72,0.2,0,0,0,0.01,-0.12,-1.23,-0.07,-0.01,-0.64,0.1,-0.01,0.17,-0.02,0.22,-1.61,3.33
"1hfz","HA107Y",0.19,0.1,0.06,0,0,-0.36,-0.12,-1.07,-0.52,0.01,-0.44,0.05,-0.51,0.09,-0.03,0.1,-2.75,2.94
"1hfz","LA110E",0.19,-0.29,0,0,0,-0.67,-0.01,0.93,-0.24,0,0.45,0,-0.13,-0.02,0.08,0.05,0.42,0.23
"1hfz","LA110H",-1.39,-0.21,-0.73,0,0,0.14,0.21,1.04,-0.25,0.01,0.5,0,-0.01,0.36,-0.1,-0.65,0.53,1.92
"1hfz","LA110R",-0.43,-0.44,-0.83,0,0,0.02,-0.07,1.32,-1.58,0.16,0.86,0,-0.28,0.32,-0.09,-0.3,-0.48,0.05
"1hfz","KA114E",0.65,-0.39,0,0,0,0.49,0,0.45,-1.46,-0.01,0.54,-0.01,-0.09,-1.7,0,1.72,-0.07,0.72
"1hfz","KA114N",-2.66,-0.39,0,0,0,0.19,0,0.52,-1.52,0.15,0.59,-0.01,-0.38,-1.7,0.02,1.72,-0.43,2.23
"1hfz","KA114Q",0.6,-0.39,0,0,0,0.19,0,0.45,-1.47,-0.01,0.54,-0.01,-0.09,-1.65,0.02,1.72,-0.31,0.91
"1hfz","QA117A",0.96,-0.35,0.5,0,0,0,0,0.34,-0.72,0,0.38,0,0.14,-0.72,0,0.5,0.42,0.54
"1hfz","WA118H",0.6,0.03,-0.36,0,0,0,0.06,1.73,0.45,0.08,0.82,0,0.31,-0.21,0,-0.22,2.65,2.05
"1hfz","WA118Y",1.17,0.19,-1.14,0,0.61,-0.05,-0.07,0.08,1.23,0.05,-0.16,0.47,0.54,0.77,0,-0.95,1.38,0.21
"1hfz","HA32A",2.13,-0.33,0.94,0,0,0,-0.32,1.59,-2.26,-0.01,1.29,-0.01,-0.57,-1.19,0.69,0.96,1.1,1.03
"1hfz","HA32Y",-0.07,0.14,0.94,0,0,0.01,-0.32,-1.19,-1.53,0,-0.44,0.01,-0.02,0.07,0.69,0.96,-0.83,0.76
"1hfz","VA42A",0.93,-0.09,0.55,0,0,0,0,0.91,-1.89,-0.11,0.99,-0.95,-0.49,-1.49,0,1.58,-0.92,1.85
"1hfz","VA42G",1.15,-0.1,0.54,0,0,-0.07,0,1.26,-2.45,-0.1,1.27,-0.95,0.5,-1.59,0,1.58,-0.02,1.17
"1hfz","VA42N",0.24,-0.08,0.55,0,0,0,0,0.75,-1.47,-0.11,0.75,-0.95,-0.8,-0.64,0,0.39,-1.55,1.79
"1hfz","QA54A",0.41,-0.63,0.66,0,0,0,0,1.74,-2.51,-0.05,1.68,0.04,0.29,-1.78,0,0.58,0.65,0.24
"1hfz","IA59W",0.93,-0.24,0.07,0,0,0,0,0.7,-0.21,-0.02,0.33,0,0,-0.21,0,0.01,0.65,0.28
"1lz1","VA100A",0.415,-0.4,-0.11,0,0,-0.06,0,2.19,-0.91,-0.01,1.14,0.39,-0.27,-0.65,0.02,0.03,1.75,1.335
"1lz1","VA100F",1.65,0.47,-1.21,0,0,-0.04,0,-1.09,1.27,3.06,-1.19,7.51,0.19,0.49,0.01,-1.2,7.77,6.12
"1lz1","VA100T",0.29,-0.16,-0.25,0,0,-0.02,0,1.31,0.39,-0.01,0.37,0.01,-0.04,0.05,0,-0.28,1.54,1.25
"1lz1","DA102N",0.072,0,-0.27,0,0,0.43,0,0.16,-0.23,-0.36,0.07,0.1,0.16,-0.63,-0.26,1.35,0.52,0.448
"1lz1","DA102N",0.073,0,-0.29,0,0,0.43,0,0.17,-0.24,-0.28,0.08,0.09,0.16,-0.62,-0.26,1.33,0.55,0.477
"1lz1","PA103G",0.1,0.65,-0.45,0,0,0.03,0,0.49,-0.29,-0.03,0.34,0,1.81,-0.11,-0.03,-0.58,1.17,1.07
"1lz1","GA105A",0.62,0.08,-0.04,0,0,0,0,-0.71,0.65,0.01,-0.47,2.94,1.3,0.07,0,0,3.75,3.13
"1lz1","IA106A",0.93,-0.4,0.02,0,0,0,0,3.61,-0.68,0.01,1.84,0.01,-0.43,-1.02,0,-0.15,3.19,2.26
"1lz1","IA106V",0.85,0.03,0.01,0,0,0,0,1.3,-0.21,0.21,0.61,0.01,0.06,-0.53,0,0.01,1.46,0.61
"1lz1","VA110A",-0.3,-0.26,0,0,0,0,0,0.34,-0.45,0,0.28,0,-0.3,-0.17,0,0,-0.33,0.03
"1lz1","VA110D",-0.17,-0.12,-0.55,0,0,0.28,0,0.2,-0.63,0.7,0.13,0,-0.07,0.3,-0.75,-0.55,-0.97,0.8
"1lz1","VA110F",0.05,0.18,0,0,0,-0.05,0,-0.35,0.23,0,-0.22,0,0.24,0.13,0,0,-0.04,0.09
"1lz1","VA110G",-0.48,-0.41,0,0,0,0,0,0.61,-1.4,-0.01,0.51,0,0.18,-0.24,0,0.01,-0.36,0.12
"1lz1","VA110I",-0.86,0.16,0,0,0,0.01,0,-0.63,0.4,0.05,-0.4,0.03,0.1,0.33,0,0,-0.13,0.73
"1lz1","VA110L",-0.07,0.05,0,0,0,0.01,0,-0.52,0.17,0,-0.33,0.01,-0.16,0.33,0,0,-0.5,0.43
"1lz1","VA110M",-0.53,0.24,-0.04,0,0,0,0,-0.43,0.21,0.01,-0.27,0,0,0.16,0,0,-0.38,0.15
"1lz1","VA110N",-0.07,-0.08,0,0,0,0,0,0.17,-0.79,0,0.13,0,0.12,-0.11,0,0,-0.51,0.44
"1lz1","VA110P",-0.5,-0.81,0,0,0,0,0,0.05,-0.48,0,0.1,0,-1.55,-0.08,0,0,-1.98,1.48
"1lz1","VA110R",-0.89,-0.01,0,0,0,-0.53,0,0.1,-0.1,0.07,0.06,0,-0.06,0.09,0.22,0,-0.17,0.72
"1lz1","VA110Y",0.14,0.21,-0.02,0,0,-0.05,0,-0.37,0.14,0.04,-0.25,0.09,0.24,0.16,0,0,-0.04,0.18
"1lz1","NA118A",-0.19,0,0,0,0,0,0,0.09,-0.11,0,0.08,0.03,0.34,-0.1,0,0,0.32,0.51
"1lz1","NA118G",-0.05,0,0,0,0,0,0,0.3,-0.29,-0.67,0.22,0,0.16,-0.16,0,0,-0.46,0.41
"1lz1","DA120N",0.083,0.09,0.21,0,0,1.02,0,-0.07,-0.3,0.06,-0.08,-0.01,0.15,-0.04,0.02,-0.03,0.92,0.837
"1lz1","VA121A",1.595,-0.37,0.06,0,0,0.02,0,1.7,-1.14,-0.01,1.16,0,0.12,-0.75,0.05,0.02,1.21,0.385
"1lz1","YA124F",0.36,0.03,-0.02,0,0,-0.01,0,-0.15,-0.47,0,0.12,-0.04,0.01,-0.13,0,0.96,0.24,0.12
"1lz1","VA125A",1.46,-0.81,0.07,0,0,0,0,1.77,-0.84,0,1.06,0,0.3,-0.5,0,0,1.85,0.39
"1lz1","GA127A",0.55,0.03,0,0,0,0,0,-0.21,0.21,0,-0.17,1.38,1.22,0.05,0,0,2.48,1.93
"1lz1","GA129A",-0.14,-0.2,0.14,0,0,0.1,0,-0.13,0.01,0.13,-0.04,1.66,1.2,-0.12,-0.11,-0.01,2.81,2.95
"1lz1","VA130A",0.98,-0.31,0.28,0,0,-0.22,0,1.75,-0.37,0.02,1,-0.04,-0.09,-0.33,-0.05,-0.58,1.35,0.37
"1lz1","GA16A",1.39,0.3,0,0,0,-0.01,0,-0.31,0.58,0.03,-0.27,1.56,1.07,0,0.01,0,2.64,1.25
"1lz1","DA18N",1.115,0.03,0.2,0,0,0.16,0,-0.17,-0.18,0.04,-0.16,0.04,0.44,0.17,0.08,0.21,0.83,0.285
"1lz1","GA19A",1.77,0.13,0.01,0,0,0,0,-0.31,0.52,0,-0.25,1.42,2.11,0,0,0,3.48,1.71
"1lz1","KA1A",0.6,-0.01,0.06,0,0,0.67,0,1.33,-1.47,-0.01,1,0,-0.13,-0.88,-0.03,0.26,0.78,0.18
"1lz1","KA1M",0.12,-0.01,-0.05,0,0,0.58,0,-0.69,0.17,0.02,-0.52,0,0.1,0.02,-0.03,0.25,-0.17,0.29
"1lz1","YA20F",0.5,0.09,-0.03,0,0,-0.05,0,-0.44,-0.47,0,-0.03,0.08,-0.01,-0.85,0.02,1.41,-0.39,0.89
"1lz1","RA21A",-1.32,-0.16,-0.33,0,0,-0.25,0,0.69,-1.19,0.22,0.67,0.34,-0.2,-0.7,0.22,-0.21,-0.77,0.55
"1lz1","RA21G",-1.15,-0.24,-0.27,0,0,-0.26,0,1.61,-1.59,-0.02,1.23,0.03,-0.37,-0.7,0.2,-0.21,-0.37,0.78
"1lz1","GA22A",1.79,0.03,0,0,0,0,0,-0.09,0.2,0,-0.09,1.41,1.25,0.01,0,0,2.67,0.88
"1lz1","IA23A",2.54,-0.18,-0.73,0,0,0.01,0,2.97,-0.23,-0.02,1.31,0,0.67,-0.05,-0.05,-0.75,3.12,0.58
"1lz1","IA23V",0.385,-0.15,0.01,0,0,0,0,1.47,-0.38,0.06,0.75,0,-0.06,-0.55,0,-0.03,1.26,0.875
"1lz1","VA2A",1.51,-0.08,0.01,0,0,0,0,0.34,-0.4,-0.04,0.29,-0.03,0.52,-0.12,0,0,0.54,0.97
"1lz1","VA2D",1.44,-0.08,0.02,0,0,-0.14,0,0.24,-0.2,-0.01,0.18,-0.03,-0.08,0.21,-0.02,0,0.15,1.29
"1lz1","VA2F",0.86,0.07,-0.07,0,0,0,0,-1.02,0.79,-0.02,-0.74,0.06,0.47,0.38,0,0,-0.16,1.02
"1lz1","VA2G",2.3,-0.09,0,0,0,0.01,0,0.79,-1.09,-0.01,0.66,0.02,0.27,-0.2,0,-0.02,0.41,1.89
"1lz1","VA2I",-1.1,-0.02,-0.01,0,0,0,0,-0.35,0.19,-0.03,-0.21,0.01,0.02,0.11,0,0.01,-0.28,0.82
"1lz1","VA2L",0.05,0.06,-0.01,0,0,0,0,-0.74,0.42,-0.02,-0.43,0.06,0.19,0.23,0,0.01,-0.3,0.35
"1lz1","VA2M",0.31,0.17,0,0,0,0,0,-0.61,0.33,-0.03,-0.36,0.06,0.51,0.2,0,0,0.09,0.22
"1lz1","VA2N",1.34,0.08,-0.83,0,0,0,0,-0.07,0.54,-0.02,-0.28,0.04,0.07,0.56,0,-0.79,-0.8,2.14
"1lz1","VA2R",0.38,0.22,-0.87,0,0,0.18,0,-0.42,0.68,0.04,-0.48,0.08,0.51,1.03,-0.09,-0.87,-0.22,0.6
"1lz1","VA2S",1.41,-0.08,0.01,0,0,0,0,0.48,-0.35,-0.04,0.3,-0.03,0.38,-0.06,0,0,0.67,0.74
"1lz1","VA2Y",0.36,-0.08,-0.04,0,0,0.04,0,-0.28,0.33,0.01,-0.25,0,0.43,0.14,0,0,0.36,0
"1lz1","AA32L",0.1,0.21,-0.05,0,0,0,0,-3,0.47,0.28,-1.43,4.66,0.13,0.95,0,0,1.99,1.89
"1lz1","AA32S",0.33,0.01,-0.67,0,0,0,0,0.6,0.96,0,-0.17,0.01,0.2,0.53,0,-0.72,0.71,0.38
"1lz1","EA35L",0.53,0.15,-0.05,0,0,-0.15,0,-1.75,-1.43,0,-0.52,2.62,0.01,-0.01,-0.21,0,-1.5,2.03
"1lz1","GA37A",0.29,0.18,0.01,0,0,0,0,-0.17,0.38,0.03,-0.16,1.49,1.35,0.02,0,0,2.92,2.63
"1lz1","GA37Q",0.26,0.46,-0.57,0,0,0,0,-0.49,0.9,0.04,-0.5,1.72,0.95,0.8,0,-0.55,2.29,2.03
"1lz1","YA38A",2.49,-0.76,0.13,0,0,-0.17,0,3.41,-2.14,-0.04,2.53,0.27,0.37,-2.26,0,1.58,3.65,1.16
"1lz1","YA38F",0.19,0.08,-0.01,0,0,-0.28,0,0.05,-1.27,-0.15,0.48,0.28,0,-1.22,0.03,1.58,-0.53,0.72
"1lz1","YA38G",2.32,-0.59,-0.99,0,0,-0.45,0,4.17,-1.53,-0.21,2.56,-0.49,-0.43,-0.92,0.09,0.55,2.34,0.02
"1lz1","YA45F",-0.07,0,0.01,0,0,0.01,0,-0.02,-0.1,-0.29,0.03,-0.14,-0.01,-0.11,0,0,-0.65,0.58
"1lz1","AA47P",-0.1,-0.56,0,0,0,0.01,0,-0.32,0.37,0,-0.27,0.07,-0.67,0.01,0,-0.82,-1.64,1.54
"1lz1","GA48A",-0.45,0.09,0,0,0,-0.01,0,-0.24,0.29,0.02,-0.18,0.02,0.08,0,0,0,-0.04,0.41
"1lz1","DA49N",0.5,0.03,0.14,0,0,0.71,0,-0.02,-0.66,-0.11,-0.03,0.01,0.03,0.16,0,0.49,0.69,0.19
"1lz1","RA50A",-0.43,-0.06,0.43,0,0,0.06,0,0.7,-0.6,-0.03,0.54,0.22,0.14,-0.85,0,0.42,0.99,1.42
"1lz1","RA50G",-0.26,-0.15,0.44,0,0,0.08,0,1.13,-1.1,-0.18,0.88,-1.11,-0.69,-0.88,0,0.43,-1.03,0.77
"1lz1","YA54F",0.96,-0.04,0,0,0,0.1,0,-0.37,-0.45,0,0.05,0.01,-0.02,-0.08,0,1.76,0.99,0.03
"1lz1","IA56A",3.71,-0.54,0.09,0,0,0,0,3.52,-0.62,-0.03,1.77,-0.06,-0.4,-0.96,0,0,3.28,0.43
"1lz1","IA56F",4.09,0.1,0,0,0,0.04,0,-0.81,0.22,1.33,-0.69,4.89,0.2,-0.21,0.01,-0.01,4.95,0.86
"1lz1","IA56L",0.1,-0.04,-0.01,0,0,0,0,0.06,-0.14,0.01,0.04,0.18,-0.26,0,0,0,-0.14,0.24
"1lz1","IA56M",1.77,-0.03,0,0,0,0,0,-0.55,-0.19,0,-0.48,0.07,-0.1,0.34,0,0,-0.93,2.7
"1lz1","IA56T",3.64,-0.2,-0.02,0,0,0,0,2.48,0.6,0,0.97,0.01,-0.09,-0.44,0,0,3.49,0.15
"1lz1","IA56V",1.247,-0.1,0.01,0,0,0,0,1.29,-0.19,0.1,0.63,0,-0.1,-0.54,0,0,1.18,0.0670000000000002
"1lz1","QA58A",-0.91,-0.5,0.63,0,0,0.03,0,1.44,-2.04,0.12,1.42,0.32,0.02,-1.83,0,0.04,0.12,1.03
"1lz1","QA58G",-1.87,-0.83,0.76,0,0,0,0,2.15,-3.09,-0.06,1.95,-0.59,0.01,-1.93,-0.02,0.06,-0.75,1.12
"1lz1","IA59A",1.587,-0.47,0.26,0,0,0,0,3.3,-1,-0.15,1.83,-0.17,-0.09,-1.1,0,0,2.84,1.253
"1lz1","IA59F",0.81,0.03,0.1,0,0,0.03,0,-0.58,-0.05,-0.14,-0.6,9.09,0.17,-0.26,0,0.07,7.82,7.01
"1lz1","IA59G",3.83,-0.53,0.36,0,0,0.01,0,4.11,-1.37,-0.15,2.31,-0.17,0.33,-1.15,0,0,4.25,0.42
"1lz1","IA59L",0,0.06,0.02,0,0,0,0,-0.25,0.04,-0.11,-0.08,-0.16,-0.12,-0.02,0,0,-0.69,0.69
"1lz1","IA59M",1.29,0.26,-0.02,0,0,0,0,-0.31,0.02,-0.15,-0.38,-0.16,0.17,0.33,0,0,-0.52,1.81
"1lz1","IA59S",3.59,-0.32,0.23,0,0,0,0,3.52,-0.13,-0.15,1.61,-0.17,-0.09,-0.75,0,0,4.05,0.46
"1lz1","IA59T",2.22,-0.25,0.15,0,0,0,0,2.42,0.29,-0.1,1.04,-0.17,0.01,-0.5,0,0,3.12,0.9
"1lz1","IA59V",1.043,-0.13,0.11,0,0,0,0,1.45,-0.24,-0.09,0.73,-0.15,0.02,-0.57,0,0,1.24,0.197
"1lz1","IA59Y",3.78,-0.02,0.51,0,0,0.05,0,-0.53,1.35,-0.25,-0.8,10.97,0.16,-0.2,0,0.42,11.66,7.88
"1lz1","YA63F",0.24,-0.04,0.01,0,0,-0.01,0,0.17,-0.06,-0.06,0.11,-0.06,-0.02,-0.07,0,0,-0.01,0.25
"1lz1","DA67N",1.112,0.05,0.83,0,0,0.62,0,-0.14,-0.5,-0.06,-0.2,0.01,0.18,0.16,0,2.21,3.1,1.988
"1lz1","DA67N",1.113,0.05,0.83,0,0,0.62,0,-0.12,-0.53,-0.06,-0.17,0.01,0.18,0.16,0,2.2,3.1,1.987
"1lz1","GA68A",0.12,0.07,0,0,0,0.07,0,-0.32,0.34,0,-0.24,1.36,0.98,0.05,0,0,2.21,2.09
"1lz1","PA71G",1.6,-0.16,0.01,0,0,0.04,0,1.05,-0.39,-0.03,0.74,-0.09,0.47,-0.42,0,0.01,1.36,0.24
"1lz1","GA72A",0.36,0.05,-0.01,0,0,-0.05,0,-0.45,0.58,0.01,-0.35,2.27,1.3,0,0,0,3.28,2.92
"1lz1","VA74A",0.395,-0.39,0.07,0,0,0,0,1.05,-0.5,-0.86,0.66,-0.06,0.02,-0.58,0,0,-0.22,0.615
"1lz1","VA74D",0.43,-0.3,0.06,0,0,-0.34,0,0.89,0.07,-0.86,0.45,-0.06,-0.2,0.02,0.04,0,0.06,0.37
"1lz1","VA74F",0.29,-0.07,0.01,0,0,0.05,0,-0.45,0.29,-0.86,-0.37,-0.01,0.15,0.32,0,0,-0.89,1.18
"1lz1","VA74G",0.22,-0.72,0.07,0,0,0,0,1.86,-0.88,-0.9,1.15,-0.06,0.03,-0.68,0,0,0.57,0.35
"1lz1","VA74I",-0.45,0.12,0.01,0,0,0,0,-0.75,0.26,-0.03,-0.43,-0.05,0.31,0.29,0,0,-0.42,0.03
"1lz1","VA74L",-0.19,0.09,0.01,0,0,0,0,-0.36,0.28,-0.74,-0.24,-0.06,-0.07,0.15,0,0,-1.04,0.85
"1lz1","VA74M",-0.65,0.12,0.01,0,0,-0.01,0,-0.72,0.39,-0.84,-0.55,-0.02,1.83,0.37,0,0,0.44,1.09
"1lz1","VA74N",0.33,-0.25,0.05,0,0,0,0,0.73,0.04,-0.87,0.29,-0.04,0.04,0.33,0,-1.27,-0.7,1.03
"1lz1","VA74R",0.07,-0.1,-0.82,0,0,0.18,0,0.14,0.36,-0.74,-0.13,-0.06,0.27,0.87,-0.02,-0.83,-0.8,0.87
"1lz1","VA74S",0.38,-0.38,0.07,0,0,0,0,1.33,-0.19,-0.88,0.62,-0.06,-0.03,-0.35,0,0,0.49,0.11
"1lz1","VA74Y",0.24,-0.1,0.01,0,0,0.05,0,-0.32,0.23,-0.86,-0.29,-0.03,0.12,0.27,0,0,-0.84,1.08
"1lz1","CA77A",4.6,-0.22,0.05,0,3.19,0,0,0.84,-0.24,0.01,0.73,0.04,0.11,-1.02,0,-0.01,3.66,0.94
"1lz1","HA78A",0.14,-0.04,-0.01,0,0,0,-0.05,0.03,-0.24,-0.02,0.09,0.11,0.46,-0.02,0,0.01,0.34,0.2
"1lz1","HA78G",0.12,-0.17,-0.02,0,0,0,-0.05,0.16,-0.59,-0.06,0.24,-0.05,0.48,-0.03,0,0.01,0.07,0.05
"1lz1","EA7Q",0.765,-0.01,0.25,0,0,0.85,0,0.16,-1.09,0,0.2,0,0.07,-0.56,0.37,0.45,0.67,0.095
"1lz1","IA89A",2.7,-0.16,0,0,0,0,0,3.25,-0.57,-0.01,1.64,0,-0.09,-0.96,0,0,3.25,0.55
"1lz1","IA89V",0.415,-0.04,0,0,0,0,0,1.39,-0.11,0,0.66,0,0.15,-0.54,0,0,1.55,1.135
"1lz1","LA8T",3.73,-0.1,-0.35,0,0,0.06,0,2.44,0.81,0.01,0.86,1.51,0.13,-0.43,0,-0.4,4.62,0.89
"1lz1","DA91P",0.4,-1.67,-0.07,0,0,0.08,0,-0.75,-0.75,0,-0.26,0.04,-0.57,-0.97,0.74,1.37,-1.15,1.55
"1lz1","AA92S",-0.81,0.12,-0.61,0,0,0,0,0.39,0.84,0,-0.22,0.05,0.19,0.53,0,-0.63,0.52,1.33
"1lz1","VA93A",0.87,-0.45,0.08,0,0,0,0,2.24,-0.62,-0.13,1.18,0,-0.25,-0.48,0,0,2,1.13
"1lz1","VA93T",0.67,-0.03,-0.52,0,0,0,0,1.18,0.71,-0.13,0.29,0.01,-0.03,0.04,0,-0.6,0.91,0.24
"1lz1","AA96M",-0.02,0.08,0.03,0,0,0,0,-3.19,0.5,0.27,-1.82,8.92,0.33,1.28,0,0.04,6.34,6.36
"1lz1","AA96S",1,0.14,-0.7,0,0,-0.01,0,0.54,0.99,0,-0.21,0.07,0.2,0.53,0.01,-0.7,0.69,0.31
"1lz1","VA99A",0.935,-0.25,0.09,0,0,0,0,2.04,-0.38,-0.17,1.12,0,-0.22,-0.48,0,0,1.99,1.055
"1lz1","VA99T",0.5,-0.15,-0.61,0,0,0,0,0.95,0.69,-0.16,0.24,0.47,0,0.1,0,-0.68,0.99,0.49
"1lz1","AA9S",0.02,0.02,-0.68,0,0,0,0,0.49,1.11,0,-0.27,0.04,0.24,0.6,0,-0.7,0.81,0.79
"1pin","GA10A",0.85,0.21,-0.03,0,0,-0.01,0,-0.81,0.25,0.01,-0.44,3.98,1.65,-0.02,0,-0.01,4.59,3.74
"1pin","WA11F",1.93,0.03,0.09,0,0,-0.04,0,0.83,-1.01,-0.01,0.75,-0.38,-0.23,-0.2,0,-1.23,-1.42,3.35
"1pin","EA12A",0.48,0.02,-0.03,0,0,1.27,-0.02,0.71,-1.57,-0.01,0.79,0.03,-0.11,-2.13,0,1.75,0.7,0.22
"1pin","KA13A",0.02,0,0,0,0,-0.3,0,1.38,-0.65,0,0.85,-0.01,0,-1.33,0,1.19,1.14,1.12
"1pin","RA14A",1.63,-0.05,0.12,0,0,0.94,-0.03,1.32,-2.05,-0.03,1.37,-0.01,0.3,-2.57,0,1.88,1.25,0.38
"1pin","MA15A",0.59,0,0.1,0,0,0,0,1.7,-0.53,0,1.05,-0.01,-0.24,-0.89,0,0,1.19,0.6
"1pin","SA16A",0.44,0,0,0,0,0,0,-0.24,-0.16,0,0.01,0.21,0.01,-0.17,0,0,-0.34,0.78
"1pin","SA16G",0.92,0,-0.03,0,0,0.08,0,0.39,-0.19,-0.04,0.33,-0.16,0.21,0.26,0.03,-1.16,-0.26,1.18
"1pin","RA17A",0,0,0,0,0,-0.03,0,0.19,-0.02,0,0.1,-0.01,-0.26,-0.06,0,0,-0.07,0.07
"1pin","RA17G",0.22,0,0,0,0,-0.03,0,0.19,-0.1,0,0.13,0,0.02,-0.06,0,0,0.15,0.07
"1pin","SA18A",-0.03,0,0,0,0,0,0,-0.06,-0.12,0,0.03,0.21,0.1,-0.03,0,0,0.13,0.16
"1pin","SA18G",-0.02,0,0,0,0,0,0,0.1,-0.25,-0.01,0.13,-0.54,-0.51,-0.05,0,0,-1.12,1.1
"1pin","SA19A",0.14,0,0.91,0,0,0,0,-0.11,-0.65,-0.04,0.3,-0.12,-0.25,-0.57,0,0.86,0.35,0.21
"1pin","SA19G",-0.01,0,0.94,0,0,0,0,0.5,-1.19,-0.04,0.73,-0.16,-0.41,-0.66,0,0.86,0.59,0.6
"1pin","GA20A",0.86,0,0,0,0,0,0,-0.01,0.12,0,-0.04,0,0.17,-0.01,0,0,0.24,0.62
"1pin","RA21A",0.65,0,0.01,0,0,0.01,0,0.52,-0.17,-0.04,0.37,-0.01,-0.04,-0.49,0.03,0,0.22,0.43
"1pin","RA21G",0.67,0,0.05,0,0,0.01,0,0.99,-0.55,-0.04,0.73,-0.02,0.14,-0.56,0.03,0,0.8,0.13
"1pin","VA22A",0.26,0,0.06,0,0,0,0,1.34,-0.58,-0.01,0.78,-0.01,0.22,-0.68,0,0,1.13,0.87
"1pin","YA23A",1.08,-0.01,0.22,0,0,-0.01,0,2.46,-1.4,-0.01,1.8,0.07,-0.62,-1.04,0,0,1.47,0.39
"1pin","YA23F",0.52,0,0,0,0,-0.01,0,-0.28,-0.32,-0.01,-0.04,0.05,0,-0.13,0,0,-0.73,1.25
"1pin","YA23L",1.18,-0.06,0.01,0,0,-0.01,0,0.24,-0.54,0,0.5,0.03,-0.57,0.05,0,0,-0.26,1.44
"1pin","YA24F",0.67,-0.04,0.68,0,0,-0.32,0,-0.01,-2.24,0.01,0.78,0.28,-0.84,-1.65,0,1.89,-1.39,2.06
"1pin","YA24W",0.56,0.04,0.69,0,0,-0.44,0,0.12,-1.88,0.03,0.69,0.67,-0.87,-1.73,0,1.89,-0.81,1.37
"1pin","FA25A",2.14,-0.63,0.36,0,0,0.03,-0.01,2.33,-1.93,-0.01,1.84,-0.07,0.46,-0.79,0,0.07,2.28,0.14
"1pin","FA25L",1.37,-0.19,0.08,0,0,-0.03,0,0.28,-0.4,0.01,0.41,-0.04,0.03,0.11,0,0,0.45,0.92
"1pin","FA25Y",-0.22,0.02,0,0,0,-0.01,0,-0.08,0.35,0,-0.2,0.07,0,0.08,0,-1.13,-0.9,0.68
"1pin","NA26D",1.88,-0.06,0.2,0,0,-0.02,0,0.13,1.36,0.02,0.22,0,-0.42,-0.17,0.18,0.07,1.59,0.29
"1pin","HA27A",0.12,-0.08,-0.72,0,0,0.76,-0.09,0.88,-1.62,-0.01,0.97,0,-0.57,-1.03,0,1,-0.41,0.53
"1pin","HA27G",0.68,-0.4,-0.73,0,0,0.77,-0.09,1.22,-1.88,0,1.21,0,-0.09,-1.06,0,0.96,0.33,0.35
"1pin","IA28A",0.36,-0.53,0.03,0,0,0.02,0,1.64,-1.04,0,1.01,0,0.23,-0.65,0,0.05,1.29,0.93
"1pin","IA28G",0.48,-0.69,-0.01,0,0,0.02,0,2.33,-1.5,0.05,1.44,0,-0.04,-0.65,0,0.06,1.74,1.26
"1pin","TA29A",1.25,-0.44,0.6,0,0,0,0,0.76,-1.36,-0.03,0.78,0,-0.04,-0.56,0,0.55,0.72,0.53
"1pin","TA29D",1.33,0.05,0.57,0,0,0.32,0,0.16,2.6,-0.03,-0.14,1.5,-0.14,0.04,0.85,0.53,6.27,4.94
"1pin","TA29G",1.99,-0.8,0.71,0,0,0,0,1.91,-2.01,0,1.46,-0.06,0.01,-0.57,0,0.6,2.07,0.0799999999999998
"1pin","TA29S",0.65,-0.33,-0.02,0,0,0,0,1.27,-0.54,0.05,0.57,0.01,-0.33,-0.04,0,0.02,1.01,0.36
"1pin","NA30A",0.47,-0.25,0.67,0,0,-0.02,0,0.52,-0.86,-0.15,0.6,0.43,0.88,-0.8,0,0.62,1.9,1.43
"1pin","NA30G",-0.53,-0.43,0.86,0,0,-0.01,0,1.11,-1.44,-0.07,1.01,-0.82,-0.36,-0.71,0,0.63,0.22,0.75
"1pin","AA31G",1.49,-0.06,0.09,0,0,0,0,0.78,-0.54,-0.01,0.51,-0.01,0.32,-0.02,0,0.04,1.18,0.31
"1pin","SA32A",0.26,0.18,0.81,0,0,-0.12,0,-0.35,-0.94,-0.07,0.04,0.02,-0.48,-0.99,-0.13,0.86,-1.31,1.57
"1pin","SA32G",0.81,0.02,0.9,0,0,-0.11,0,0.25,-1.28,-0.08,0.42,0,-0.15,-0.98,-0.05,0.86,-0.2,1.01
"1pin","QA33A",0.57,-0.11,0.53,0,0,0.08,0,1.36,-1.63,0,1.29,0.06,-0.33,-1.3,0,0.44,0.52,0.0499999999999999
"1pin","WA34A",0.4,-0.11,0.05,0,0,0.11,0,1.19,-0.04,0.05,0.63,0.06,-0.32,0.55,0.01,-1.67,0.64,0.24
"1pin","WA34F",0.1,-0.04,0,0,0,0.11,0,0.15,0.73,0.05,-0.2,0.04,-0.04,1.07,0.03,-1.67,0.29,0.19
"1pin","EA35A",0.73,-0.11,0.53,0,0,0.16,0,0.43,-0.71,0,0.39,0,-0.5,-0.93,-0.07,0.51,-0.16,0.89
"1pin","RA36A",0.29,0,0.7,0,0,-0.44,0,1.48,-2.43,-0.02,1.61,-0.02,-0.96,-1.69,0,0.58,-1.18,1.47
"1pin","SA38A",-0.05,0,0.27,0,0,-0.01,0,-0.33,-0.31,0,0.04,0,0.25,-0.49,0,0.28,-0.28,0.23
"1pin","SA38G",0.08,0.03,0.98,0,0,-0.37,0,1.52,-2.48,0.02,1.72,-0.27,-0.85,-2.36,0,2.17,0.1,0.02
"1pin","KA6A",-0.15,0.02,-0.09,0,0,-0.33,0,0.65,-1.53,-0.01,0.87,0.01,0,-1.9,0,1.67,-0.66,0.51
"1pin","LA7A",1.73,-0.03,-0.09,0,0,0.45,-0.01,3.77,-3.4,0.05,2.96,-0.03,-1,-2.91,0,1.67,1.46,0.27
"1pin","LA7I",0.85,0.01,-0.92,0,0,0.5,-0.01,0.71,-1.76,0.09,0.94,1.21,0.03,-0.88,0,0.84,0.76,0.09
"1pin","LA7N",0.9,-0.08,-0.04,0,0,0.31,-0.02,3.15,-2.6,0.09,2.4,-0.03,-0.89,-2.89,0,2.92,2.42,1.52
"1pin","LA7V",1.26,0,-0.8,0,0,0.77,-0.01,1.52,-0.91,0.07,1.01,1.13,0,-1.15,0,0.96,2.6,1.34
"1pin","PA8A",0.97,0,0,0,0,0.04,0,1,-0.02,0.03,0.58,0,1.61,-0.37,0,0,2.87,1.9
"1pin","PA8G",0.92,0,0,0,0,0.07,0,1.42,-0.32,0,0.88,-0.02,1.81,-0.36,0,-0.03,3.46,2.54
"1pin","PA9A",0.19,0.01,0,0,0,0,0,0.13,-0.1,0.02,0.12,0,1.48,-0.07,0,-0.01,1.57,1.38
"1pin","PA9G",0.49,-0.02,-0.01,0,0,0,0,0.35,-0.25,0.03,0.26,0,1.9,-0.1,0,0,2.19,1.7
"1rn1","YA11F",2.07,-0.04,0,0,0,-0.03,0,-0.19,-0.99,0,0.24,0,-0.01,-0.1,0,1.75,0.65,1.42
"1rn1","SA12A",1.155,-0.08,0.97,0,0,0,0,-0.18,0.27,-0.32,0.14,0,0.68,-0.54,0,0.93,1.94,0.785
"1rn1","VA16A",2.19,0,0.07,0,0,-0.05,0,2.71,-0.25,-0.03,1.29,-0.01,-0.22,-0.32,0.01,-0.57,2.61,0.42
"1rn1","VA16C",4.68,0.02,0.06,0,0,-0.03,0,1.54,-0.14,-0.04,0.48,0.02,0.34,0.59,0.01,-0.56,2.24,2.44
"1rn1","VA16S",4.71,0.03,-0.53,0,0,-0.01,0,2.91,0.58,0.26,0.98,0,-0.03,0.01,0.01,-1.03,3.14,1.57
"1rn1","VA16T",4.1,-0.1,0.06,0,0,0,0,1.37,0.78,0.07,0.38,-0.01,0,0.08,0,-0.27,2.45,1.65
"1rn1","SA17A",-0.62,-0.12,0.25,0,0,0,0,-0.16,-0.32,0,0.07,0,-0.2,-0.43,0,0.28,-0.51,0.11
"1rn1","AA21C",0.74,0.15,0.01,0,0,0,0,-0.13,0.29,0,-0.22,0,0.56,0.33,0,0,0.84,0.1
"1rn1","AA21D",0.19,0.15,0.01,0,0,0.17,0,-0.08,0.44,0,-0.18,0,0.23,0.22,-0.02,0,0.78,0.59
"1rn1","AA21E",0.32,0.25,-0.01,0,0,0.14,0,-0.41,1.02,0,-0.49,0.01,0.11,0.98,0,-1.12,0.21,0.11
"1rn1","AA21F",0.57,0.41,-0.06,0,0,0,0,-0.84,0.83,0.02,-0.75,0.01,0.44,0.61,0,0,0.23,0.34
"1rn1","AA21G",0.9,-0.33,0.01,0,0,0,0,0.41,-0.38,0,0.31,0,0.47,-0.07,0,0,0.75,0.15
"1rn1","AA21H",0.365,0.36,-0.03,0,0,0,0.05,-0.4,0.73,0,-0.49,0,0.51,0.39,0,0,0.75,0.385
"1rn1","AA21I",0.44,0.63,-0.03,0,0,0,0,-1.21,1.02,1.02,-0.9,0.35,0.19,0.58,0,0.05,1.08,0.64
"1rn1","AA21K",0.51,0.36,-0.04,0,0,-0.06,0,-0.71,0.78,0,-0.66,0.01,0.2,0.58,0.01,0,0.1,0.41
"1rn1","AA21L",0.13,0.46,-0.05,0,0,0,0,-0.88,0.86,0,-0.72,0.01,0.12,0.54,0,0,-0.13,0.26
"1rn1","AA21M",0.15,0.45,-0.05,0,0,0,0,-1.44,1.04,0.06,-1.12,0.14,0.3,0.79,0,0,-0.28,0.43
"1rn1","AA21N",-0.34,0.27,-0.59,0,0,0,0,-0.2,0.65,0,-0.35,0,0.42,0.77,0,-0.63,0.07,0.41
"1rn1","AA21Q",0.33,0.26,-0.02,0,0,0,0,-0.39,0.87,0,-0.51,0.01,0.18,0.86,0,-0.88,0.12,0.21
"1rn1","AA21R",0.41,0.3,0,0,0,-0.11,0,-0.45,0.57,0.07,-0.47,0,0.24,0.46,0.07,0,0.36,0.05
"1rn1","AA21S",0.445,0.16,-0.6,0,0,0,0,0.14,0.66,0.01,-0.18,0.01,0.19,0.55,0,-0.63,0.14,0.305
"1rn1","AA21T",0.57,0.35,-0.54,0,0,0,0,-0.08,1.11,0.12,-0.4,1.31,0.22,0.61,0,-0.57,1.77,1.2
"1rn1","AA21V",0.66,0.42,0.14,0,0,0,0,-0.37,0.59,0.98,-0.37,0.05,0.22,0.1,0,0.16,1.48,0.82
"1rn1","AA21W",0.3,0.4,-0.09,0,0,0,0,-1.19,1.22,0.02,-1.09,0.02,0.52,0.78,0,0,0.18,0.12
"1rn1","AA21Y",0.39,0.33,0.17,0,0,0,0,-0.83,0.71,0.09,-0.71,0.01,0.44,1.04,0,-0.99,-0.09,0.48
"1rn1","YA24W",-1.24,0.14,0.28,0,0,0.32,0.01,-0.73,0.57,-0.03,-0.49,0.02,-0.07,0.1,-0.01,-0.07,-0.11,1.13
"1rn1","QA25K",-0.935,-0.04,0.47,0,0,-0.27,0,-0.42,0.04,0,-0.18,0.03,0.02,-0.29,-0.06,0.54,-0.14,0.795
"1rn1","NA36A",-0.015,-0.05,0,0,0,0.02,-0.02,0.07,-0.17,-0.01,0.11,-0.04,0.02,-0.4,0,0.46,0.03,0.045
"1rn1","HA40T",0.26,-0.15,0.89,0,0,0.82,-0.37,0.59,-2.13,0,0.79,-0.1,-1.27,-0.61,0.02,0.84,-0.54,0.8
"1rn1","YA42F",-1.145,-0.19,-0.35,0,0,0.01,0,-0.06,-0.96,-0.02,0.32,-0.07,-0.11,-0.1,0,0.88,-0.48,0.665
"1rn1","YA42W",0.14,-0.35,1.32,0,0,0.72,0,0.47,-1.76,-0.27,0.77,0.02,-0.28,-1.34,0,3.79,3.42,3.28
"1rn1","NA44A",1.847,-0.41,1.02,0,0,0,0,0.91,-1.69,-0.08,1.11,-0.17,0.77,-0.7,0,1.07,2.24,0.393
"1rn1","NA44D",1.6,-0.11,0.16,0,0,-0.31,0,0.05,1.4,-0.01,0.08,0,1.01,-0.16,0,0.13,2.34,0.74
"1rn1","NA44S",1.5,-0.34,1.02,0,0,0,0,1.15,-0.85,-0.05,0.91,-0.11,0.75,-0.36,0,1.07,3.53,2.03
"1rn1","YA45W",-0.74,-0.23,0,0,0,0.24,0,0.88,-1.29,0.04,0.9,-1.08,-0.07,-1.46,0,2.59,0.74,1.48
"1rn1","DA49H",-1.1,0,-0.41,0,0,-0.1,0.05,-0.03,0.1,0,-0.07,0.01,0.43,0.41,0,-0.41,-0.04,1.06
"1rn1","YA56F",0.745,0.02,0.61,0,0,0,0,-0.2,-0.38,0,0.09,0.01,-0.54,-0.11,0,0.62,0.08,0.665
"1rn1","YA57F",0.47,-0.1,0.03,0,0,0.23,-0.01,-0.08,-0.85,0,0.24,0.47,-0.02,-1.02,0,2.72,1.69,1.22
"1rn1","EA58A",0.775,0,0.32,0,0,2.48,-0.31,1.34,-3.76,-0.01,1.35,-0.06,0.26,-1.4,0.02,1.13,1.34,0.565
"1rn1","WA59Y",0.93,0.01,-0.42,0,0,0,0,1.1,-0.5,-0.09,0.63,0.02,0.14,-0.05,0,-0.45,0.37,0.56
"1rn1","SA64A",1.5,0.01,0,0,0,0,0,-0.17,-0.08,0,-0.02,0,-0.08,-0.06,0,0,-0.41,1.91
"1rn1","YA68F",1.355,0,0.64,0,0,0,0,-0.18,-0.65,0,0.18,0.01,-1.37,-0.1,0,0.63,-0.85,2.205
"1rn1","DA76A",3.75,-0.11,-0.72,0,0,0.29,0,0.58,-3.8,-0.63,0.94,-1.27,-0.33,-0.61,0.05,2.75,-2.76,6.51
"1rn1","DA76N",3.1,0.02,-0.55,0,0,0.31,0,-0.02,-1.5,0.61,-0.17,-1.24,-0.12,0.16,0.05,0.91,-1.59,4.69
"1rn1","DA76S",3.2,-0.05,-1.09,0,0,0.31,0,0.91,-2.7,-0.58,0.59,-1.23,-0.26,-0.04,0.05,1.26,-2.8,6
"1rn1","VA78T",3.1,0,0.27,0,0,0,0,1.29,0.75,0.01,0.33,0,0,0.04,0,-0.25,2.44,0.66
"1rn1","NA81A",2.89,-0.37,1.03,0,0,0.05,0,0.66,-1.87,0,1.06,0.04,0.06,-0.78,-0.01,0.6,0.83,2.06
"1rn1","HA92A",0.62,-0.15,0.66,0,0,0.12,-0.11,1.17,-1.93,-0.02,1.27,-0.71,-0.45,-0.85,0,0.63,-0.25,0.87
"1rn1","NA9A",0.805,-0.05,0,0,0,0.01,0,0.28,-1.26,-0.45,0.51,-0.03,-0.53,-0.75,0,1.84,-0.38,1.185
"1rtb","IA106A",4.38,-0.05,0.1,0,0,0,0,3.55,-0.52,-0.07,1.74,-0.01,-0.18,-1.16,0,0,3.44,0.94
"1rtb","IA106L",1.79,0.02,0.05,0,0,-0.01,0,0.19,-0.1,0.01,0.16,0.21,-0.34,0.06,0,0,0.23,1.56
"1rtb","IA106V",0.8,-0.01,0.01,0,0,0,0,1.28,-0.06,-0.06,0.58,0,-0.02,-0.6,0,0,1.11,0.31
"1rtb","IA107A",2.85,-0.15,-0.13,0,0,-0.54,0.22,3.05,-0.23,0.02,1.64,-1.17,0.8,-1.02,-0.05,-0.27,2.31,0.54
"1rtb","IA107L",2.2,0.01,0.01,0,0,0,0,0.19,-0.05,0.03,0.1,0.02,0.22,0,0,0,0.52,1.68
"1rtb","IA107V",0.08,-0.08,0.06,0,0,0,0.03,1.23,-0.37,0.01,0.68,-1.21,-0.24,-0.64,0,-0.01,-0.45,0.53
"1rtb","VA108A",4.2,-0.01,0.03,0,0,0,0,2.1,-0.14,-0.01,0.98,0.15,0.6,-0.43,0,0,3.28,0.92
"1rtb","VA108G",7.29,-0.08,0.11,0,0,0,0,3.06,-0.34,-0.01,1.48,-0.1,0.44,-0.42,0,0,4.21,3.08
"1rtb","VA108I",0.44,0.06,-0.02,0,0,0,0,-0.78,0.03,1.34,-0.35,-0.05,0.22,0.54,0,0,0.93,0.49
"1rtb","VA108L",0.7,0.02,0.01,0,0,0,0,-0.62,-0.07,0.16,-0.23,0,0.31,0.54,0,0,0.09,0.61
"1rtb","AA109G",0.43,-0.06,0.01,0,0,0,-0.01,0.98,-0.37,-0.01,0.57,-0.01,0.51,-0.05,0,0,1.62,1.19
"1rtb","PA114A",3.2,0,0,-0.8,0,0,0,0.06,-0.05,1.5,0.05,0,0.62,-0.07,0,0,1.31,1.89
"1rtb","PA114G",3.233,-0.02,0.02,-1.11,0,0,0,0.35,-0.23,0.82,0.23,0,0.78,-0.07,0,0,0.77,2.463
"1rtb","VA116A",0.67,-0.12,0.04,0,0,0,0,1.27,-0.8,0,0.83,-0.07,0.17,-0.56,0,0,0.89,0.22
"1rtb","VA116G",1.18,-0.2,0.04,0,0,0,0,2.03,-1.28,-0.01,1.32,-0.07,-0.15,-0.71,0,0,1.16,0.02
"1rtb","VA118A",1.92,-0.3,0.07,0,0,-0.06,0,1.27,-0.68,-0.05,0.8,0.07,0.71,-0.46,-0.03,0,1.64,0.28
"1rtb","VA118G",2.78,-0.44,0.09,0,0,-0.07,0,2.09,-1.01,-0.05,1.25,0,0.69,-0.49,-0.03,0,2.46,0.32
"1rtb","HA119A",-0.65,-0.2,-0.09,0,0,0.02,-0.1,0.95,-1.69,0,1,-0.12,0.08,-0.9,0,1.84,0.98,1.63
"1rtb","DA121A",1.46,-0.29,0.2,0,0,0.27,-0.05,1.39,-3.93,0.01,1.63,-0.19,-1.65,-0.96,-0.04,1.93,-1.39,2.85
"1rtb","DA121N",1.33,-0.08,-0.2,0,0,0.27,-0.05,0.32,-1.81,0.01,0.38,-0.06,-0.64,-0.01,-0.04,1.52,-0.3,1.63
"1rtb","SA123A",-0.69,0,0.44,0,0,0,0,-0.32,-1,0,0.27,0,0.26,-0.53,0,0.41,-0.46,0.23
"1rtb","FA46A",6.36,-0.02,0.39,0,0,-0.05,0,2.95,-1.04,0,2.03,-0.14,0.23,-0.95,0,0.1,3.52,2.84
"1rtb","FA46L",3.21,0,0.08,0,0,-0.17,0,0.15,0.08,0.01,0.4,-0.1,-0.22,0.19,0,-0.07,0.35,2.86
"1rtb","FA46V",4.55,0,0.17,0,0,-0.1,0,1.47,-0.15,0.06,1.1,-0.13,-0.45,-0.44,0,-0.01,1.51,3.04
"1rtb","VA47A",3.8,-0.07,0.16,0,0,-0.01,0,2.36,-0.55,-0.02,1.25,-0.09,0.61,-0.55,0,0,3.15,0.65
"1rtb","VA47G",7.35,-0.16,0.28,0,0,-0.01,0,3.69,-0.91,-0.03,1.98,-0.1,0.82,-0.62,0,0,5.09,2.26
"1rtb","AA4S",0.47,0.1,-0.41,0,0,0,0,0.16,0.42,0,-0.11,0,0.64,0.52,0,-0.42,0.79,0.32
"1rtb","VA54A",2.58,-0.17,0.08,0,0,0,0,2.37,-0.3,0,1.21,-0.02,-0.18,-0.53,0,0,2.63,0.0499999999999998
"1rtb","VA54G",4.87,-0.59,0.33,0,0,0.34,0,4.18,-1.39,0.01,2.32,-0.32,0.25,-1.01,-0.11,0.1,4.72,0.15
"1rtb","VA54I",1.95,0.07,-0.03,0,0,0,0,-1.22,0.31,1.27,-0.63,0.19,-0.02,0.56,0,-0.02,0.41,1.54
"1rtb","VA54L",1.09,-0.05,0.02,0,0,0,0,-0.78,-0.01,0.4,-0.35,0.6,-0.08,0.62,0,-0.02,0.4,0.69
"1rtb","VA57A",2.85,-0.24,-0.34,0,0,0,0,1.83,-0.57,0.07,0.95,-0.03,-0.33,-0.36,0,-0.44,0.77,2.08
"1rtb","VA57G",5.52,-0.52,0.1,0,0,0,0,2.96,-1.08,-0.01,1.59,0,0.14,-0.63,0,0,3.06,2.46
"1rtb","VA57I",1.3,0.14,-0.05,0,0,0,0,-0.8,0.34,0.26,-0.45,0.17,0.11,0.62,0,0.01,0.2,1.1
"1rtb","VA57L",2.37,0.02,-0.04,0,0,0,-0.01,-0.86,0.25,0.04,-0.44,1.25,-0.21,0.62,0,0.01,0.63,1.74
"1rtb","AA5S",0.27,0.06,0,0,0,0,0,0.28,0.42,0.01,-0.07,-0.04,0.27,0.26,0,0,1.11,0.84
"1rtb","VA63A",2.03,-0.04,0,0,0,0,0,1.6,-0.79,0,0.93,0,0.63,-0.62,0,0,1.74,0.29
"1rtb","VA63G",3.5,-0.07,0.04,0,0,0,0,2.33,-1.24,0,1.38,0,0.55,-0.7,0,0,2.34,1.16
"1rtb","AA64G",0.44,-0.09,-0.01,0,0,0,0,0.15,-0.35,0,0.17,-0.01,0.36,0,0,0,0.3,0.14
"1rtb","SA75A",2.5,-0.02,0.56,0,0,0,-0.01,-0.51,-1.05,0,0.27,-0.16,-0.05,-0.53,0,0.53,-0.96,3.46
"1rtb","SA75T",2.8,0.19,0.24,0,0,0,-0.01,-1.33,1.1,0.11,-0.63,1.01,-0.23,0.18,0,0.22,0.67,2.13
"1rtb","IA81A",2.99,-0.2,0.13,0,0,0.03,0,2.84,-1.88,0,1.76,-0.01,0.13,-1.11,0,-0.02,1.85,1.14
"1rtb","IA81G",4.81,-0.3,0.28,0,0,0.04,0,3.7,-2.81,0,2.38,-0.01,0.18,-1.16,0,-0.01,2.59,2.22
"1rtb","IA81V",0.43,-0.05,0.07,0,0,0.01,0,1.08,-0.5,0.01,0.63,-0.01,-0.36,-0.59,0,0,0.34,0.09
"1rtb","PA93A",2.7,0.54,0,0,0,0,0,0.7,0.27,2.2,0.35,-0.03,0.32,-0.28,0,0,3.53,0.83
"1rtb","PA93G",2.4,0.25,-0.01,0,0,0,0,0.83,0.1,1.36,0.44,-0.02,0.47,-0.25,0,0,2.92,0.52
"1rtb","PA93S",2.1,0.61,0,0,0,0,0,0.78,0.3,2.42,0.34,-0.04,0.48,-0.24,0,0,4.05,1.95
"1rtb","YA97A",12,-0.14,1.76,0,0.02,0.08,0,3.53,-2.7,-0.05,2.81,-0.06,-0.64,-0.71,0.01,-0.01,4.05,7.95
"1rtb","YA97F",3.54,-0.05,0.7,0,0,0.02,0,-0.05,-0.77,-0.01,0.33,-0.07,-0.19,-0.17,0,0.7,0.48,3.06
"1rtb","YA97G",11.7,-0.3,1.82,0,0.03,0.07,0,4.59,-3.26,-0.05,3.47,-0.41,-0.57,-0.76,0.02,0,4.95,6.75
"1vqb","FA13T",0.7,0,-0.06,0,0,0,0,1.12,-0.01,0.04,0.69,0.74,-0.14,-0.25,0,-0.03,2.08,1.38
"1vqb","VA19C",0.3,-0.01,0.05,0,0,0,0,0.29,-0.43,-0.01,0.15,0.04,0.34,0.08,0,0,0.51,0.21
"1vqb","VA19T",0.6,-0.02,0.03,0,0,0,0,0.23,-0.3,0.02,0.19,0.03,-0.07,-0.04,0,0,0.09,0.51
"1vqb","KA24V",-0.8,0.03,0.93,0,0,0.02,0,0.54,-0.42,0,0.33,-0.05,-0.45,-1.13,0,0.88,0.65,1.45
"1vqb","YA26R",0.4,0,0,0,0,0.06,0,1.68,-1.78,0.1,1.47,0,-0.34,-1.72,0,1.76,1.23,0.83
"1vqb","LA28V",-1.1,0,-0.01,0,0,-0.01,0,0.73,-0.07,-0.02,0.39,0.68,-0.45,-0.33,0,0,0.91,2.01
"1vqb","EA30F",-2.05,0,-0.14,0,0,0.76,0,-1.87,-0.4,0.03,-1.04,1.45,-0.15,-1.09,0,1.36,-1.1,0.95
"1vqb","EA30M",-0.65,0,-0.19,0,0,0.69,0,-1.86,-0.32,0.03,-1.09,0.05,0.4,-0.93,0,2.62,-0.58,0.0700000000000001
"1vqb","EA30N",1.1,0,-0.01,0,0,0.69,0,0.08,-0.05,-0.01,-0.14,0.08,0.17,-1.21,0,1.44,1.05,0.05
"1vqb","LA32H",0.9,0,0.07,0,0,0,0.07,1.03,0.14,0,0.32,0.01,0.4,-0.12,0,0,1.93,1.03
"1vqb","LA32R",1.6,0,0.12,0,0,0.04,0,1.34,-0.79,0.07,0.71,0,0.17,-0.43,0,0,1.23,0.37
"1vqb","LA32W",-2.8,0,0,0,0,-0.02,0,-0.24,0.43,0.01,-0.38,0.04,0.21,0.17,0,0.15,0.37,3.17
"1vqb","LA32Y",-1,0,0.05,0,0,0.03,0,0.24,-0.06,0,-0.01,0.24,0.15,0.14,0,0,0.79,1.79
"1vqb","CA33A",0.5,0,0.04,0,0,0,0,1.04,-0.21,0,0.76,0.06,0.06,-0.99,0,0,0.77,0.27
"1vqb","CA33I",0.9,0.01,-0.4,0,0,0,0,-2.53,0.54,0.74,-1.09,2.04,0.55,0.1,0,-0.26,-0.33,1.23
"1vqb","CA33L",2.6,0,-0.47,0,0,0.01,0,-2.47,0.14,0.05,-0.9,3.41,0.5,0.11,0,-0.3,0.09,2.51
"1vqb","CA33M",3.5,0,-0.05,0,0,0,0,-3.15,0.27,0.03,-1.47,1.59,0.49,0.52,0,0,-1.78,5.28
"1vqb","CA33S",4.25,0,-0.53,0,0,0,0,1.46,0.49,0.24,0.55,0.89,-0.24,-0.46,0,-0.51,1.89,2.36
"1vqb","CA33T",4.6,0,-0.41,0,0,0,0,-0.14,0.98,0.02,-0.12,2.13,0.48,-0.41,0,-0.45,2.08,2.52
"1vqb","CA33V",0.2,0.01,-0.39,0,0,0.01,0,-1.23,0.41,0,-0.48,3.15,0.45,-0.48,0,-0.32,1.12,0.92
"1vqb","VA35A",2.2,-0.01,0.08,0,0,0,0,1.71,-0.32,0.07,0.86,0.05,0.84,-0.6,0,0,2.69,0.49
"1vqb","VA35C",1.4,-0.01,0,0,0,0,0,0.81,-0.23,0.14,0.21,0.09,0.65,0.35,0,0,2.01,0.61
"1vqb","VA35F",3.15,0.17,-0.04,0,0,-0.01,0,-1.55,1.11,0.07,-1.18,2.15,0.74,0.66,0,0,1.94,1.21
"1vqb","VA35I",0.65,0,-0.02,0,0,0,0,-1.28,0.09,0.08,-0.6,0.02,0.13,0.67,0,0,-0.91,1.56
"1vqb","VA35L",2.7,-0.01,-0.03,0,0,0,0,-1.87,0.05,0.3,-0.86,0.13,0.43,0.79,0,0,-1.06,3.76
"1vqb","VA35M",1.05,-0.01,-0.05,0,0,0,0,-2.17,0.04,0.18,-1.17,0.09,0.73,1.17,0,0,-1.18,2.23
"1vqb","VA35T",5.3,0,0.03,0,0,0,0,1.11,0.79,0,0.3,0,-0.03,0.02,0,0,2.23,3.07
"1vqb","DA36C",2.05,-0.01,0.8,0,0,0.37,0,-0.14,-0.7,0,0,0.03,0.18,-0.41,0,1.21,1.35,0.7
"1vqb","DA36N",1,0.01,0.21,0,0,0.38,0,-0.16,-0.46,0.01,-0.05,0.02,0.04,-0.23,0,0.91,0.66,0.34
"1vqb","LA37A",7.7,-0.01,0.07,0,0,-0.01,0,1.21,-0.4,0,0.65,0,0.24,-0.4,0,0,1.36,6.34
"1vqb","LA37C",4.6,-0.01,0.04,0,0,0,0,0.79,-0.21,0.01,0.33,0,0.12,-0.16,0,0,0.92,3.68
"1vqb","LA37I",1.4,0.01,0,0,0,-0.01,0,-0.09,0.34,0.02,-0.15,0,0.12,0.08,0,0,0.32,1.08
"1vqb","LA37T",5.2,-0.01,0.04,0,0,-0.01,0,1,0.25,-0.01,0.38,0,0.1,-0.26,0,0,1.51,3.69
"1vqb","LA37V",3.5,0,0.01,0,0,-0.01,0,0.46,0.24,0,0.13,0,0.16,-0.15,0,0,0.86,2.64
"1vqb","EA40C",1.6,0,0,0,0,0.24,0,0,0.03,-0.01,-0.06,0,0.29,-0.2,0,0,0.3,1.3
"1vqb","EA40T",0.4,0,0,0,0,0.24,0,0.07,0.06,0.04,0.03,0.01,0.14,-0.32,0,0,0.27,0.13
"1vqb","YA41A",0.4,0,0,0,0,0.27,0,0.6,-0.11,0.01,0.35,0,0.08,-0.62,0,0,0.58,0.18
"1vqb","YA41F",0.6,0,0,0,0,-0.08,0,-0.15,0.08,0,-0.1,0,0.01,0.15,0,0,-0.07,0.67
"1vqb","VA43C",2.1,0,0.04,0,0,0,0,0.31,-0.27,0,0.07,-0.01,0,0.09,0,0,0.23,1.87
"1vqb","VA43T",1.6,0,0.03,0,0,0,0,0.26,-0.18,0,0.17,-0.01,-0.06,-0.06,0,0,0.14,1.46
"1vqb","VA45A",2.1,0.04,0.08,0,0,0,0,1.17,-0.5,0.01,0.68,-0.01,0.5,-0.52,0,0,1.4,0.7
"1vqb","VA45C",0.1,0,-0.08,0,0,0,0,0.59,-0.27,0,0.19,0,0.53,0.14,0,-0.14,0.98,0.88
"1vqb","VA45L",3,0.04,0.04,0,0,0,0,-1.17,0.07,0.07,-0.56,-0.01,0.25,0.44,0,0,-0.88,3.88
"1vqb","VA45T",3.5,0.04,0.06,0,0,0,0,0.79,0.24,0.08,0.27,-0.01,-0.04,-0.11,0,0,1.28,2.22
"1vqb","IA47A",7.05,0.01,-0.3,0,0,0,0,2.82,-1.03,-0.03,1.54,-0.04,0.1,-1.03,0,-0.3,1.73,5.32
"1vqb","IA47C",5.25,0.01,-0.42,0,0,0,0,2.67,-0.83,-0.05,1.22,-0.03,0.04,-0.41,0,-0.66,1.54,3.71
"1vqb","IA47F",1.95,0.04,-0.36,0,0,0,0,0.02,-0.23,0.17,-0.22,1.54,0.11,-0.21,0,-1.62,-0.8,2.75
"1vqb","IA47L",0.65,0.02,-0.39,0,0,0,0,-0.09,-0.28,0.02,0.01,-0.03,-0.04,0.09,0,-0.36,-1.06,1.71
"1vqb","IA47M",2.15,0.01,-0.04,0,0,0,0,-0.39,-0.06,-0.05,-0.42,-0.01,0.24,0.35,0,-0.08,-0.46,2.61
"1vqb","IA47T",7.4,0,-0.58,0,0,0,0,2.89,-0.12,0.29,1.29,-0.04,-0.15,-0.54,0,-0.62,2.42,4.98
"1vqb","IA47V",2.55,0.01,-0.39,0,0,0,0,1.66,-0.18,-0.05,0.76,-0.04,-0.02,-0.61,0,-0.38,0.74,1.81
"1vqb","TA48C",0.8,0,-0.07,0,0,-0.18,0,0.02,-0.49,0.01,-0.01,0,0.44,-0.23,0,2.03,1.52,0.72
"1vqb","TA48V",0,0,0,0,0,-0.23,0,-0.44,0.12,0,-0.24,0,0.04,-0.24,0,2.19,1.21,1.21
"1vqb","LA49A",6.1,0,-0.23,0,0,0,0,3.56,-1.61,0,2.09,-0.04,-0.17,-1.04,0,-1.33,1.21,4.89
"1vqb","LA49C",4.1,0,-0.21,0,0,0,0,2.67,-1.2,0,1.38,-0.04,-0.05,-0.42,0,-0.21,1.91,2.19
"1vqb","LA49I",1.9,0,-0.2,0,0,0.01,0,0.43,-0.14,0.22,0.22,0.12,0.41,-0.12,0,-0.16,0.78,1.12
"1vqb","LA49T",5.7,0.01,-0.31,0,0,0,0,2.62,-0.17,0.02,1.19,0.34,0.15,-0.53,0,-1.7,1.6,4.1
"1vqb","LA49V",2.9,0,-0.15,0,0,0,0,1.74,-0.53,0.37,0.94,0,0.33,-0.69,0,-1.17,0.84,2.06
"1vqb","DA50H",1.55,0,0,0,0,0.79,0.05,0.17,-0.33,0,0.18,0.02,0.29,-0.55,0,1.96,2.6,1.05
"1vqb","TA62C",0.7,0,0.77,0,0,0,0,-0.28,-0.57,0.01,-0.09,0.03,0.56,0.24,0,0.71,1.35,0.65
"1vqb","TA62V",-1.3,0,0.97,0,0,0,0,-1.05,-0.12,0.03,-0.36,0.86,-0.2,0,0,0.95,1.08,2.38
"1vqb","VA63C",4.1,0,0.09,0,0,0,0,1.37,-0.25,0,0.49,0,0.23,0.17,0,-0.29,1.8,2.3
"1vqb","VA63T",5,0.01,0.06,0,0,0,0,1,0.67,0.12,0.3,0,0.01,0.02,0,0,2.19,2.81
"1vqb","HA64C",-0.5,-0.23,0.54,0,0,0,-0.05,0.65,-0.86,0.03,0.53,0.01,-0.1,-0.49,0,0.49,0.76,1.26
"1vqb","LA65P",1.5,-1.04,-0.03,0,0,0,0,0.06,-0.61,0,0.14,0.01,-1.33,0.01,0,0,-1.74,3.24
"1vqb","SA67C",3.7,0.09,1.19,0,0,-0.03,0,-1.45,-0.54,-0.01,-0.61,2.62,0.59,0.49,0,0.94,3.19,0.51
"1vqb","SA67T",1.6,0.06,-0.03,0,0,-0.02,0,-1.84,0.44,0.42,-0.8,2.69,0.64,0.17,0,-0.03,1.63,0.0299999999999998
"1vqb","FA68L",4.25,-0.53,0.23,0,0,0,0,0.65,-0.45,-0.02,0.61,0.03,0.19,-0.04,0,0,1.19,3.06
"1vqb","FA68V",5,-0.32,0.25,0,0,0,0,1.91,-0.74,0.14,1.26,0.09,0.25,-0.48,0,0,2.67,2.33
"1vqb","KA69H",1.25,-0.11,0.15,0,0,0.55,0.05,1.28,-0.33,-0.12,0.67,-0.05,-0.46,-0.64,0,0.23,1.34,0.0900000000000001
"1vqb","KA69M",-0.15,0.03,0,0,0,0.39,0,-0.54,0.14,0.01,-0.34,-0.04,0.55,0.06,0,0.18,0.41,0.56
"1vqb","IA6V",0.7,0,-0.24,0,0,0,0,1.29,-0.55,0,0.71,-0.04,-0.04,-0.59,0,-0.22,0.31,0.39
"1vqb","VA70C",3.2,0,0.02,0,0,0,0,0.28,-0.42,-0.03,0.19,0,-0.05,0.06,0,0,0.05,3.15
"1vqb","VA70P",5.05,0,0.01,0,0,0,0,0.37,-0.92,-0.03,0.38,0,-0.44,-0.04,0,0,-0.67,5.72
"1vqb","VA70T",3.5,0,0.01,0,0,0,0,0.41,-0.42,-0.03,0.31,0,-0.05,-0.08,0,0,0.15,3.35
"1vqb","FA73W",-0.8,0,0,0,0,0,0,-0.46,0.31,0.01,-0.34,0,0.2,0.28,0,0,0,0.8
"1vqb","MA77A",2.1,-0.01,0.16,0,0,-0.04,0,1.75,-1.1,-0.11,1.18,-0.01,-0.25,-0.78,0,-0.09,0.73,1.37
"1vqb","MA77C",0,-0.05,0.15,0,0,0,0,1.35,-0.64,-0.09,0.73,-0.03,-0.3,-0.4,0,0,0.76,0.76
"1vqb","MA77F",0.2,-0.02,0.12,0,0,0,0,0.39,0.1,-0.1,0.09,-0.01,-0.29,-0.13,0,0,0.18,0.02
"1vqb","MA77I",-1.6,-0.01,0.01,0,0,-0.01,0,-0.13,0.26,-0.11,-0.09,0.07,0.16,-0.08,0,0,0.07,1.67
"1vqb","MA77L",1.2,-0.05,0.07,0,0,0,0,0.69,-0.02,-0.11,0.37,0,-0.26,-0.36,0,0,0.36,0.84
"1vqb","MA77T",0.8,-0.01,-0.48,0,0,0,0,1.09,-0.5,-0.09,0.65,0.31,0.12,-0.22,0,-0.52,0.36,0.44
"1vqb","MA77V",-1.2,-0.03,0.05,0,0,0.03,0,0.86,-0.25,0,0.49,0.01,-0.2,-0.41,0,-0.04,0.54,1.74
"1vqb","IA78C",4.4,-0.09,0.14,0,0,0,0,1.34,-0.46,-0.12,0.64,-0.03,-0.29,-0.27,0,0,0.96,3.44
"1vqb","IA78T",6.6,-0.08,0.1,0,0,0,0,1.26,-0.31,-0.12,0.66,-0.03,-0.09,-0.37,0,0,1.09,5.51
"1vqb","IA78V",1.3,-0.05,0.03,0,0,0,0,1.02,-0.19,-0.12,0.52,-0.03,-0.03,-0.33,0,0,0.88,0.42
"1vqb","LA81C",3.7,0,0,0,0,0,0,1.8,-0.2,0,0.69,0,-0.23,-0.29,0,0,1.77,1.93
"1vqb","LA81T",5.1,0.01,0,0,0,0,0,1.77,0.18,0,0.76,0,-0.13,-0.47,0,0,2.1,3
"1vqb","LA81V",0.2,0.02,0,0,0,0,0,1.2,0.05,0.01,0.53,0,-0.06,-0.36,0,0,1.37,1.17
"1vqb","RA82C",1.5,-0.28,0.76,0,0,1.75,0,0.92,-3.07,0.02,1.3,-0.01,-0.3,-1.86,0,3.26,2.77,1.27
"1vqb","AA86T",0.7,0,-0.01,0,0,0,0,-0.31,0.56,0,-0.29,0.7,0,0.37,0,0,1.02,0.32
"1vqb","AA86V",-0.5,0,-0.01,0,0,0,0,-0.75,0.52,0.18,-0.46,0.12,0,0.48,0,0,0.06,0.56
"1wq5","CA118A",1.36,-0.01,0.01,0,0,0,0,0.86,0.01,0,0.68,0,-0.56,-0.97,0,0,0.02,1.34
"1wq5","CA118S",2.27,-0.03,-0.22,0,0,0,0,1.3,0.93,0.02,0.44,0,-0.36,-0.44,0,-0.34,1.33,0.94
"1wq5","CA118V",1.34,0.14,-0.01,0,0,0,0,-1.34,0.24,0.13,-0.37,2.77,-0.33,-0.53,0,0,0.55,0.79
"1wq5","PA132A",0.92,-0.17,-0.76,0,0,0.06,0,0.15,0.63,0.02,-0.07,0,1.11,0.61,-0.02,-0.76,0.96,0.0399999999999999
"1wq5","PA132G",0.78,-0.4,-0.83,0,0,0.05,0,0.86,0.01,0.05,0.38,0,1.41,0.56,-0.02,-0.83,1.63,0.85
"1wq5","FA139W",-0.01,-0.08,0.02,0,0,-0.02,0,-0.41,1.11,0.06,-0.48,0.35,0.1,0.02,-0.03,0,0.72,0.73
"1wq5","CA154A",1.03,-0.04,0.02,0,0,0,0,1.12,-0.17,0,0.81,0,0.25,-0.93,0,0,1.09,0.0600000000000001
"1wq5","CA154S",1.72,-0.03,0.02,0,0,0,0,1.47,0.82,0,0.59,0,-0.03,-0.43,0,0,2.42,0.7
"1wq5","CA154V",1.12,0.01,-0.17,0,0,0,0,-1.66,0.32,1.35,-0.58,1.45,0.04,-0.49,0,0,0.26,0.86
"1wq5","YA175C",0.3,-0.01,0.19,0,0,0.09,0,2.29,-1.01,-0.02,1.37,-0.25,-0.02,-0.35,0,0,2.3,2
"1wq5","PA207A",1.64,-0.03,0,0,0,0,0,0.64,0.22,0.01,0.32,-0.01,1.26,-0.28,0,0,2.16,0.52
"1wq5","GA211D",0.25,0.01,-0.8,0,0,0.05,0,-1.58,2.16,0.19,-1.24,2.71,0.79,0.7,-0.12,-2.38,0.47,0.22
"1wq5","GA211E",0.04,0.01,-0.17,0,0,-0.09,0,-2.11,2.22,0.26,-1.52,5.06,0.04,1.58,-0.12,-1.75,3.39,3.35
"1wq5","GA211R",0,0.01,-0.17,0,0,0.01,0,-2.61,1.99,0.9,-1.97,2.08,0.02,1.2,0.12,0,1.57,1.57
"1wq5","GA211S",0.35,0,-0.1,0,0,0.07,0,-0.62,0.79,0.53,-0.66,1.58,-0.2,0.67,0,-0.92,1.13,0.78
"1wq5","GA211V",-0.25,-0.28,-0.15,0,0,0.09,0,-2.39,0.16,1.91,-1.14,5.28,-0.89,0.56,0,0.06,3.48,3.73
"1wq5","GA211W",0.6,-0.27,-0.15,0,0,0.08,0,-4.87,1.4,1.73,-2.91,6.17,-0.52,1.27,0,0.06,2.26,1.66
"1wq5","FA258W",-0.035,0.08,-0.18,0,0,0,0,-0.78,0.88,-0.15,-0.7,2.07,0.03,0.08,-0.01,-0.2,1.06,1.095
"1wq5","EA49A",-0.255,-0.04,0.06,0,0,0.29,0,0.83,-2.41,0,0.91,0.03,0.23,-1.27,0.09,1.15,-0.1,0.155
"1wq5","EA49C",0.06,0,0.05,0,0,0.28,0,0.85,-2.33,-0.1,0.69,0.02,-0.05,-0.73,0.09,1.15,-0.09,0.15
"1wq5","EA49D",0.415,-0.04,0.04,0,0,0.13,0,0.15,0.25,0.14,0.14,-0.01,-0.36,-0.66,0,0.87,0.69,0.275
"1wq5","EA49F",0.44,0,0.02,0,0,0.38,0,-2.57,-1.82,0,-1.11,2.33,-0.09,-0.51,0.09,1.13,-2.17,2.61
"1wq5","EA49G",-0.34,-0.04,0.16,0,0,0.28,0,2.17,-2.81,-0.09,1.6,0.05,0.68,-1.34,0.09,1.15,1.92,2.26
"1wq5","EA49H",-0.5,0,0,0,0,0.31,0.14,-0.94,-0.25,-0.15,-0.68,0.14,-0.16,-0.48,0.09,1.14,-0.86,0.36
"1wq5","EA49I",-0.85,-0.01,-0.05,0,0,0.32,0,-1.38,-1.84,0.74,-0.25,1.25,-0.57,-0.56,0.09,1.11,-1.14,0.29
"1wq5","EA49K",-0.295,0,0.04,0,0,0.81,0,-1.32,0.76,0,-0.64,0.02,-0.14,0.58,0.13,-0.62,-0.41,0.115
"1wq5","EA49L",-0.74,0,0.03,0,0,0.3,0,-1.6,-1.93,-0.12,-0.33,0.01,-0.25,-0.41,0.09,1.13,-3.08,2.34
"1wq5","EA49M",-0.235,0,0.01,0,0,0.28,0,-2,-1.98,-0.07,-0.74,0.01,0.02,0.01,0.09,1.14,-3.23,2.995
"1wq5","EA49N",0.21,0,0.01,0,0,0.29,0,0.64,-1.04,-0.09,0.29,0.06,-0.27,-0.73,0.09,1.06,0.32,0.11
"1wq5","EA49P",-0.4,-0.04,1.1,0,0,0.28,0,-0.48,-2.49,-0.01,0.4,4.08,0.88,-1.02,0.09,1.14,3.95,4.35
"1wq5","EA49Q",-0.155,0,0.02,0,0,0.31,0,-0.18,-1.08,0.21,-0.13,-0.01,-0.13,0.33,0.09,-0.27,-0.84,0.685
"1wq5","EA49S",0.25,-0.04,0.08,0,0,0.28,0,1.45,-1.61,-0.13,0.85,0.05,-0.21,-0.85,0.09,1.15,1.13,0.88
"1wq5","EA49T",0.44,-0.01,-0.03,0,0,0.29,0,0.05,-1.21,-0.15,0.25,0.92,-0.61,-0.77,0.09,1.16,-0.04,0.48
"1wq5","EA49V",-0.575,0,-0.07,0,0,0.28,0,-0.83,-2.01,-0.13,0.09,1.92,-0.62,-0.88,0.09,1.15,-1.02,0.445
"1wq5","EA49W",1.035,0,0.03,0,0,0.29,0,-3.15,-0.92,0.52,-1.66,4.98,0.15,-0.38,0.09,1.14,1.09,0.0550000000000002
"1wq5","EA49Y",-0.045,0,-0.01,0,0,0.33,0,-2.19,-1.04,0.53,-1.17,1.38,-0.08,-0.37,0.09,1.13,-1.41,1.365
"1wq5","PA57A",0.04,-0.2,0,0,0,0,0,0.41,-0.21,0,0.28,-0.65,0.91,-0.2,0,0,0.53,0.49
"1wq5","PA62A",0.52,0,0,0,0,0,0,0.09,-0.19,0,0.1,0,0.99,0,0,0,0.99,0.47
"1wq5","CA81A",0.69,0,0.08,0,0,0,0,0.97,-0.31,-0.01,0.78,0,-0.6,-0.94,0,0,-0.04,0.73
"1wq5","CA81G",1.58,-0.22,0.2,0,0,0,0,2.21,-0.63,-0.02,1.45,0,-0.13,-0.99,0,0,2.1,0.52
"1wq5","CA81S",1.41,0,-0.58,0,0,0,0,1.36,0.62,0.04,0.54,0.03,-0.4,-0.42,0,-0.65,0.54,0.87
"1wq5","CA81V",1.32,-0.1,-0.03,0,0,0,0,-1.41,0,0.18,-0.38,0.27,-0.34,-0.5,0,0,-2.2,3.52
"1wq5","PA96A",2,-0.21,-0.39,0,0,0.7,0,1.33,0.56,-0.01,0.54,0.04,1.14,-0.28,0.02,-0.28,3.37,1.37
"2abd","VA12A",1.69,-0.32,0.08,0,0,0,0,1.93,-0.37,-0.12,0.97,-0.42,-0.29,-0.46,0,0,1.31,0.38
"2abd","LA15A",3.1,-1.4,0.05,0,0,0,0,3.3,-1.46,-0.13,1.89,-0.45,-0.1,-1.05,0,0,2.05,1.05
"2abd","PA19A",1.07,-0.86,1.61,0,0,0.05,0,1.26,-1.72,-0.01,0.98,-0.11,1.02,-1.88,0,1.57,2.76,1.69
"2abd","DA21A",-0.42,-0.08,0.71,0,0,-0.12,0,0.16,-0.43,-0.22,0.17,0,0.01,-0.67,0,0.72,0.31,0.73
"2abd","DA21H",0.56,0.09,0.33,0,0,-0.12,0.05,-0.26,0.15,-0.15,-0.21,0.01,0.2,0.04,0,0.34,0.35,0.21
"2abd","LA25A",1.02,-2.01,1.09,0,0,0.13,0,3.48,-2.22,-1.52,2.07,-0.06,-0.95,-2.26,0,0.88,0.63,0.39
"2abd","YA28A",2.47,0.02,0.11,0,0,-0.18,0,2.18,-1.05,-1.35,1.44,1.61,-0.25,-1.44,0,0.99,2.05,0.42
"2abd","YA28F",1.06,-0.56,0.88,0,0,0.04,0,0.52,-2.06,-0.01,0.68,-0.28,-0.86,-1.27,0,1.78,-0.59,1.65
"2abd","YA28N",2.23,-0.49,0.8,0,0,-0.05,0,2.57,-1.41,-0.06,1.58,0.35,-0.58,-1.17,0,0.18,2.18,0.0499999999999998
"2abd","YA31N",1.52,-0.02,-0.07,0,0,-0.02,0,2.48,0.71,-1.32,1.14,-3.71,0.3,-0.38,0,2.05,1.16,0.36
"2abd","KA32A",1.02,0.03,-0.01,0,0,-0.21,0,1.57,-0.82,-0.02,0.98,0.08,0.12,-1.45,0,0.9,1.12,0.1
"2abd","KA32E",1.68,-0.02,-0.05,0,0,-0.63,0,1.17,1.13,-1.52,0.41,-2.77,-0.04,-0.21,0,0.24,-2.29,3.97
"2abd","KA32R",1.83,0.03,0,0,0,0.04,0,0.36,-0.05,0.08,-0.08,-0.13,0.2,-0.08,0,0.24,0.55,1.28
"2abd","QA33A",3.66,-0.9,0.36,0,0,0.04,0,1.54,-3.59,-0.09,1.77,-2.76,-0.58,-1.78,0,1.92,-3.18,6.84
"2abd","AA34G",1.57,0.01,-0.05,0,0,-0.01,0,1.64,0,-1.46,0.77,-2.7,0.47,-0.1,0,-0.66,-2.1,3.67
"2abd","TA35A",1.09,-0.06,-0.07,0,0,0.02,0,0.83,-1.19,-1.56,0.75,-2.67,0.42,-0.58,0,0.6,-3.46,4.55
"2abd","PA44A",1.4,-0.55,0.01,0,0,0.03,0,1.08,-0.17,0.01,0.6,-0.22,1.63,-0.34,0,0,2.64,1.24
"2abd","KA52M",-0.18,0.17,-0.05,0,0,0.53,0,-1.22,-0.56,0.06,-0.6,0.38,0.42,0.3,0,0.73,-0.01,0.17
"2abd","KA54A",0.86,-0.78,0.91,0,0,0.1,0,1.75,-2.1,0.01,1.32,0.05,-1.2,-1.46,0,0.38,-0.24,1.1
"2abd","KA54M",-0.27,-0.48,0.9,0,0,0.07,0,-0.25,-1.34,0,-0.01,0.02,-0.63,-0.69,0,0.88,-1.06,0.79
"2abd","FA5A",2.52,-0.31,-0.03,0,0,0.22,0,4.12,-1.2,-1.59,2.52,-6.25,0.33,-1.04,0,-0.98,-3.91,6.43
"2abd","EA67A",0.36,-0.64,0.91,0,0,-0.03,0,0.46,-0.66,-0.08,0.4,0,-0.12,-1.19,0,0.85,0.53,0.17
"2abd","YA73A",4.83,-0.11,0.11,0,0,-0.11,0,2.93,-1.06,-0.02,1.95,-3.18,-0.5,-0.84,0,0,-0.73,5.56
"2abd","YA73F",-0.27,-0.02,0.01,0,0,-0.01,0,-0.18,-0.87,0.11,0.2,-1.48,0,-0.09,0,0.06,-2.25,1.98
"2abd","VA77A",1.14,-0.21,0.05,0,0,-0.06,0,1.9,-0.02,-0.64,0.85,0.04,-0.22,-0.23,0,-0.13,1.53,0.39
"2abd","LA80A",3.7,-0.12,0.07,0,0,0.12,0,2.95,-0.67,-1.39,1.43,0.04,-0.13,-1.03,0,0,1.38,2.32
"2abd","AA9G",1.81,-0.22,0.02,0,0,0.01,0,1.03,-0.44,-0.01,0.59,-0.4,-0.02,-0.02,0,0,0.76,1.05
