"backbone_vdwclash","backHbond","electro","energy_ionisation","energy_solvh","energy_solvp","energy_torsion","energy_vdw","energy_vdwclash","entropy_mainc","entropy_sidec","helix_dipole","kn_electrostatic","sideHbond","total","error"
-0.2,-0.01,0,0,0.99,-0.66,-0.01,0.74,0.04,-0.35,0.11,0,0,0.21,1.07,0.969
-0.09,0,-0.3,-0.03,1.79,-1.02,-0.02,1.36,-0.13,-0.43,-0.18,0,-0.25,0.04,0.82,0.351
0,0,-0.07,0,-0.02,-0.09,0,0.01,0.02,0,0.07,0,0,0.07,-0.02,0.121
-0.01,0.53,0,0,-0.11,0.01,0,0.03,0.05,-0.04,-0.05,0,0,0.6,1.02,0.978
-0.16,-0.01,-0.01,0,1.37,-0.36,-0.01,0.91,-0.35,-0.19,0.04,0,0,0.18,1.57,0.0700000000000001
0,0,-0.13,-0.03,0.29,-0.55,0,0.31,0.02,-0.01,-0.19,0,-0.2,-0.27,-0.75,0.44
0,0,-0.08,0,0.19,-0.74,0,0.23,-0.04,0,-0.03,0,-0.01,1.14,0.66,0.481
-0.12,0,-0.05,0,2.17,-0.66,0,1.32,-0.07,-0.15,-0.13,0,-0.01,1.06,3.49,2.455
0,0,-0.06,0,0.16,-0.46,0,0.16,-0.01,0,-0.02,0,0,0,-0.24,1.123
-0.3,0,0,0,2.14,-1.52,0,1.59,-0.02,-0.45,0.04,0,0,0.04,1.83,1.431
-0.2,0,-0.01,0,0.13,-0.87,0,0.34,0.8,-0.36,-0.05,0,0,0,-0.02,0.578
-0.15,0.09,2.48,-0.16,0.45,-2.91,-0.06,0.61,-0.03,0.01,0.27,-0.09,0.56,0.44,1.66,1.824
-0.05,0.01,0.95,-0.16,-0.25,-1.04,0.03,0.12,-0.04,-0.22,-0.51,0,0.37,1.77,1.03,0.785
-0.24,-0.19,1.04,-0.2,2.52,-2.13,-0.06,1.77,-0.18,-0.57,-1.52,0,0.38,1.55,2.4,1.564
-0.04,1.44,-0.01,0,0.14,-0.68,0,0.35,0,-0.59,0.04,0.09,-0.08,1.44,2.16,2.384
-0.11,-0.47,0.06,0,1.02,-0.6,-0.01,0.64,-0.02,0.16,0.25,0,0,-0.45,0.58,0.0990000000000001
-0.22,1.32,2.83,0,1.62,-3.38,-0.16,2.06,-0.03,-0.35,-0.53,0.06,0.82,1.33,5.58,3.272
-0.01,0,0.59,0,0.2,-0.84,0,0.28,0,0.08,-0.76,0,0.45,2.09,2.08,1.176
0,0,0.03,0,0.31,-0.57,0,0.37,0,-0.01,-0.51,0,0,1.22,0.84,0.54
0,0,0.17,0,0.04,0,0,0.02,0,0,0.04,0,0,0.04,0.31,0.607
0,0.01,3.59,0,0.5,-1.89,-0.03,1.03,-0.9,-0.45,-2.46,-0.04,0.41,2.08,1.84,1.59
-0.13,0.02,1.49,0,0.64,-1.31,-0.05,0.68,-0.13,-0.4,-1.81,0,0.58,2.03,1.74,0.83
-0.01,0,0.21,0,0.01,-0.05,0,0.02,0,0,-0.01,0,0.13,0,0.31,0.017
-0.1,0.04,1.75,-0.12,1.36,-1.98,-0.02,0.97,-0.07,-0.01,0.31,0,0.37,0.49,3.09,0.145
-0.03,0.01,1.7,-0.12,0.19,-0.72,0,-0.02,-0.01,-0.23,0.21,0,0.37,0.43,1.82,2.431
0,0,0.02,0,0,0,0,0,0.03,0,0.03,0,0.02,0,0.1,0.103
0,-0.02,0,0,0.01,-0.06,0,0.03,-0.1,0.17,0.02,0,0,0,0.04,0.078
0,-0.04,0.01,0,-0.01,0.05,0,-0.02,0,0.04,0.02,0,0,0,0.06,0.292
0,0,0.08,-0.03,0.72,-0.65,-0.01,0.64,-0.13,0,-0.58,0,0.01,0.77,0.82,0.65
-0.13,0,-0.03,0,1.92,-1.43,-0.01,1.35,-0.05,-0.02,-0.57,0,0,1.06,2.22,1.98
-0.11,0.02,1.16,-0.16,0.46,-2.06,-0.06,0.61,0,-0.19,0.25,0.05,-0.21,1.76,1.64,1.963
-0.15,0,0.75,-0.22,1.19,-1.89,-0.06,1.04,0,-0.39,-0.4,0,0.39,0,0.4,0.257
-0.3,0,0.96,0,0.87,-2.71,0,0.91,0.01,0,-1.43,0.12,0.23,1.57,0.54,4.584
-0.24,0,0.54,0,0.31,-0.81,0,0.34,-0.01,-0.07,0.14,0,0.02,0.08,0.54,0.72
-0.2,0,0.28,0,0.14,-0.99,0,0.25,0,0,-0.18,-0.04,-0.21,0.45,-0.3,0.228
-0.18,-0.02,-0.03,0,0.02,0.08,0,0,-0.05,0.16,-0.01,0.01,-0.01,-0.01,0.15,2.94
-0.24,0.05,1.81,0,1.63,-2.73,-0.05,1.76,-0.03,-0.06,-2.85,-0.2,0.6,1.42,1.34,3.647
0.07,0.03,1.33,0,0.04,-1.54,-0.05,0.78,0,0,-1.74,-0.1,0.3,1.44,0.47,2.017
-0.46,0.82,-0.46,-0.01,1.07,-1.53,0,0.82,-0.02,0.16,-1.29,0.66,-0.26,0.88,0.85,0.756
-0.05,0,-0.25,-0.01,0.21,-1.04,0.01,0.29,0.02,0,0.22,0.03,-0.42,0.23,-0.71,3.238
-0.01,0.04,-0.17,-0.02,0.37,-1.29,0.01,0.42,0.03,0,0.09,0.04,-0.42,0.65,-0.26,3.269
0,0.01,-0.69,-0.01,0.08,-0.32,0,0.11,0.01,-0.02,-0.06,0.02,-0.42,0.07,-1.23,2.887
0.16,-0.01,-1.36,-0.01,0.03,0.12,0.01,0.03,0.04,0,-0.04,-0.05,-0.45,-0.28,-1.96,4.194
-0.08,-0.01,-0.84,0,-0.01,-0.68,0,0.08,0.26,0.01,-0.25,0.03,-0.43,0.08,-1.77,4.183
-0.02,0,-0.55,0,0.05,-0.73,0.01,0.1,-0.01,0,0.15,0.03,-0.42,0.31,-1.06,2.511
0.18,-0.02,-0.88,-0.01,0.04,-0.03,0,0.04,0.12,0.01,0.22,-0.06,-0.45,-0.24,-1.26,3.612
-0.3,0.75,1.91,0,0.32,-1.24,-0.01,0.65,0,-0.24,-0.17,0.16,0.36,1.06,3.56,1.858
-0.04,0.01,2.34,-0.02,0.09,-1.33,-0.02,0.36,-0.02,0.12,-0.1,0.04,0.37,0.74,2.59,3.166
-0.16,0.66,0.05,-0.12,0.39,-0.59,0.02,0.42,0.01,0,0.6,0,0,0.97,2.42,2.129
-0.16,-0.03,0.9,-0.12,0.87,-0.01,0.02,0.74,0,0,-0.53,-0.06,0.37,1.75,3.91,0.639
-0.23,0.75,0.35,-0.12,1.19,-2.02,0,1.26,0.06,0.73,-0.5,0,0,2.51,4.2,2.144
-0.06,0.63,0.08,-0.12,-0.82,-1.2,0.03,0.17,1.39,0.01,0.05,0,0,2.45,2.68,4.983
-0.24,0.76,0.35,-0.12,1.79,-2.28,-0.01,1.59,-0.05,0.67,-0.47,0,0,2.52,4.74,2.078
-0.19,0.43,0.01,-0.02,1.56,-1.53,-0.05,1.4,-0.91,-0.04,-0.28,0,0,0.61,1.17,2.299
-0.01,0.41,-0.02,0,-0.09,-0.5,0.13,0.15,-0.81,-0.3,-0.14,0,0,0.39,-0.79,0.658
-0.39,1,0.98,-0.01,0.71,-3.09,-0.03,0.96,-0.03,-1.06,-0.58,0.02,0.05,1.03,-0.04,4.324
0.07,0,0.43,0,-0.11,-0.17,0.01,-0.01,0.09,0.05,0.07,-0.02,-0.08,-1.22,-0.96,2.602
-0.05,0.04,3.19,-0.02,0.33,-3.66,-0.01,0.95,0.01,0.07,-0.5,0.06,0.13,3.19,3.78,3.01
-0.09,0.03,0.69,0,0.11,-1.55,0,0.34,0.02,0.02,-0.92,0.04,0.02,1.59,0.38,1.477
0.11,0.01,0.04,0,0.28,-0.09,-0.03,0.18,-0.03,0.91,-0.01,0,0,0,1.25,1.194
0.02,0.03,1.07,0,0.21,-1.07,-0.02,0.39,0,-0.03,-1.49,-0.01,0.26,1.46,0.79,0.303
0,0,0.04,0,0,0,0,0,0,0,0,0.05,0.04,0,0.13,0.347
0.01,0,0,0,0.4,-0.27,-0.01,0.29,-0.03,0.02,-0.06,0,0,0,0.34,0.12
-0.25,-0.52,-0.05,0,-0.12,0.77,-0.02,-0.2,0.06,-0.47,0.9,0,-0.01,-0.43,-0.08,0.759
0.25,0.01,-0.01,0,0.15,0.02,0,0.06,-0.03,0.29,0.09,0,0,0,0.58,0.636
-0.58,0.34,0.08,0,0.16,-2.9,0.57,0.65,1.79,-0.34,-0.63,0,0.05,0.4,0.17,1.965
0.32,-1.71,-0.1,0,0.35,0.71,0,-0.79,2.01,-0.23,0.84,0,-0.05,-1.85,-0.81,0.196
-0.69,0.09,0.08,0,1.4,-2.17,0.11,0.97,0.47,-0.27,-0.58,0,0.05,0.07,0.23,1.856
-0.23,-0.18,-0.14,0.43,0.3,0.09,-0.01,-0.06,0.21,-0.2,-0.74,0,-0.06,-0.08,-0.43,0.529
-0.5,0.32,0.05,0,-0.83,-2.5,1.16,0.11,2.56,-0.32,-0.06,0,0.05,0.39,0.94,1.99
-0.78,0.54,0.08,0,1.76,-3.49,-0.09,1.52,-0.13,-0.08,-1.05,0,0.05,0.42,-0.47,2.561
0.11,-0.2,0.06,0,-0.87,-1.28,0.04,-0.73,0.01,0.15,-0.17,0,0.05,-0.03,-2.97,0.356
-0.58,0.13,0.08,0,1.32,-1.71,0.04,0.68,0.22,-0.52,-0.34,0,0.05,0.13,0.09,1.234
-0.4,0.34,0.08,0,0.92,-1.49,-0.03,0.5,-0.07,-0.43,0.01,0,0.05,0.42,0.31,0.004
-0.1,0.24,0.08,0,-0.86,-2.1,-0.07,-0.36,-0.03,-0.23,-0.29,0,0.05,0.42,-3.14,1.176
-0.66,0.44,0.38,0,1.36,-0.94,-0.07,0.87,-0.07,-0.43,-0.56,0,0.19,0.42,1.59,3.625
-0.74,0.52,0.08,0,2.22,-2.83,-0.08,1.42,-0.12,-0.25,-0.64,0,0.05,0.42,0.78,2.61
-0.42,0.32,0.32,0,0.77,-0.4,-0.03,0.41,-0.07,-0.33,0.09,0,0.17,0.42,1.67,2.196
-0.46,0.31,0.08,0,-0.51,-2.51,0.05,0.24,-0.07,-0.43,-0.08,0,0.05,0.42,-2.45,0.869
-0.11,0.13,0.08,0,-1.94,-0.64,-0.01,-1.41,2.09,-0.01,-0.1,0,0.05,0.42,-1.35,1.085
-0.95,0.63,0.08,0,2.65,-3.91,-0.14,2.02,-0.17,-0.12,-1.07,0,0.05,0.42,0.45,3.663
-0.44,0.31,0.08,0,-0.82,-2.32,-0.05,-0.29,0.21,-0.12,0.26,0,0.05,0.42,-2.27,0.855
0.05,0.39,-0.3,0,1.57,-2.26,-0.11,1.68,0.06,-0.15,-1.75,0,0.06,0.39,-0.41,0.958
0.22,-0.06,0,0,0.1,0.28,-0.02,-0.07,0.02,0.24,-0.13,0,0,0,0.37,1.031
0.04,-0.02,0,0,0.56,0.02,-0.01,0.25,-0.01,-0.3,-0.09,0,0,0,0.41,0.269
0,0,0.17,0,-0.01,0,0,0,0,0,0,0,0.07,0,0.23,0.12
0,-0.01,0,0,-0.02,0.01,0,0,0,0,0,0,0,0,-0.02,0.161
0.09,-0.02,-0.01,0,0.42,-0.01,-0.03,0.2,0.08,0.17,-0.18,0,0,0,0.62,0.569
0.19,-0.05,0.01,0,-0.15,0.19,-0.01,-0.13,-0.01,0.27,0.01,0,0,0,0.13,0.746
-0.38,-0.55,-0.06,0,-0.19,0.48,-0.04,-0.14,0.33,-0.46,0.87,0,-0.01,-0.46,-0.21,1.164
0,0.07,0.03,0,-0.03,0,-0.01,0.08,1.91,-0.15,-0.01,0,0.01,0.02,1.91,1.097
-0.28,1.56,-0.06,0,1.41,-1.31,-0.03,1.16,-0.1,-0.06,-1.8,0,-0.09,1.6,2.28,2.06
0,0,-0.01,0,0,0,0,0,0,0,0.01,0,-0.01,0,-0.01,0.151
-0.04,-0.35,0.04,0,1.31,-0.06,-0.01,0.66,-0.13,-0.05,-0.21,0,-0.01,-0.06,1.13,0.0410000000000001
0.55,-1.7,0.05,0,0.03,2.41,0.02,-0.91,-0.08,0.75,1.38,0,-0.1,-2.14,-0.26,1.056
-0.03,-0.06,0.02,0,0.2,0.08,0,0.15,0.02,0,-0.18,0,0,1.05,1.29,1.394
-0.03,-0.06,0.54,0,0.15,0.97,0,0.02,0.07,0,-0.09,0,0.06,1.01,2.66,1.268
-0.11,-0.01,-0.04,0.03,0.14,-1.11,0.07,0.18,0.01,-0.36,-0.83,0,0,1.99,0.09,0.051
0.01,0.02,0.01,0,0.02,0,0,0.01,0,0,0.02,0,0,0,0.07,0.092
0.03,-0.39,1.37,0,-0.06,-0.81,-0.01,-0.18,1.34,0.16,0.78,0,-0.23,1.33,3.32,0.209
0,0.03,0,0,0,-0.03,0,0.01,-0.01,0,0,0,0,0,0.02,0.049
0.01,-0.03,-0.16,0,0.67,-1.98,0,0.65,-0.1,-0.61,-1.28,0.08,-0.15,2.88,-0.03,0.169
0.03,0.06,0.21,0.01,0.8,-2,0,0.65,0.44,-0.63,-1.54,0,0.04,2.74,0.78,0.795
0.07,-0.36,0,0,-0.1,-0.19,0,0.03,0.17,0,0.07,0,0,-0.11,-0.48,1.458
0,0.08,-0.13,0,-0.15,0.55,0,-0.11,0.06,0,-0.1,0,0.29,0.67,1.17,1.389
0,0.02,0.01,0,0,0,0,0,0,0,0,0,0,0,0.03,0.064
0,0.01,-0.02,0,0,0,0,0,0,0,0.02,0,0,0,0.01,0.088
0,0,0,0,0,0,0,0,0,0,0,0,0,0.01,0.02,0.203
0,-0.01,0.14,0,-0.04,0.12,0,-0.03,0,0,-0.07,0,0.12,0.02,0.27,0.374
0,0.04,0.06,0,-0.03,0.07,0,-0.04,0,0,0.04,0,-0.08,-0.19,-0.12,0.00299999999999999
0,0,0,0,0,0,0,0,0,0,0.01,0,-0.04,0,-0.02,0.3
0,0.01,-0.03,0,0.58,-0.24,-0.07,0.52,0.14,0.23,0.33,0,0.08,0.14,1.7,0.865
0,0,0.09,0,0,0,0,0,0,0,-0.02,0,0.08,0,0.15,0.004
0,0,0.24,0,0,0,0,0,0,0,-0.13,0,0.23,0,0.34,0.272
0,0,-0.14,0,0.16,-0.24,0,0.16,0,0,-0.69,0,0,1.55,0.8,0.675
0,0,0.16,0,0.03,-0.06,0,0.07,0,0,-0.75,0,0.27,1.6,1.34,1.095
0,0.84,2.47,0,0.53,-2.45,-0.01,0.94,0,-0.18,-1.19,0,0.84,0.06,1.87,1.391
0,0.84,2.92,0,0.45,-2.33,0,0.88,0,-0.18,-1.26,-0.02,1.36,0.09,2.75,1.289
0.03,0.01,0.32,0,0.3,-0.55,-0.01,0.3,0.01,0,0.28,0,0,0.06,0.72,0.806
0.03,-0.02,0.73,0,0.39,-0.34,-0.01,0.28,0,0,0.1,0,0.35,0.01,1.51,2.09
-0.03,0.04,0.51,0,-0.03,0.23,0,-0.07,0,-0.01,-0.68,0,0.66,0.06,0.71,1.169
0,-0.01,0.34,0,0.03,-0.03,-0.01,0.02,0,-0.01,-0.13,0,0.28,0.07,0.57,0.225
-0.07,1,2.63,0,1.38,-3.53,-0.01,1.86,-0.05,-0.46,-1.38,-0.02,0.69,1.37,3.51,3.083
-0.06,0.3,2.26,0,0.44,-1.05,0,0.9,-0.06,0.2,-0.26,0.02,1,0.83,4.6,3.376
0.04,-0.04,2.62,0,0.33,-1.62,-0.05,0.69,-0.01,-0.09,-0.09,0.02,0.62,0.24,2.63,0.198
0.22,0.04,2.55,0,1.4,-2.34,-0.06,1.49,-0.01,-0.09,-1.46,0.02,0.61,1.52,3.67,0.0830000000000002
-0.06,0.67,0,0,0.17,-0.67,-0.02,0.41,0,-0.01,0.95,0,0,0.71,2.23,0.672
-0.01,0.02,-0.43,0,1.05,-0.05,-0.02,0.57,-0.01,0.28,-0.12,0,0.04,0.03,1.37,0.0640000000000001
-0.06,0.03,-0.04,0,1.21,-0.55,-0.02,0.73,-0.01,0.24,-0.17,0,0,0.08,1.52,0.791
-0.14,0,0,0,0.58,-0.6,-0.01,0.5,0,0.31,-0.61,0,0,0,0.15,0.279
-0.18,0,0.05,0,0.18,-0.48,-0.03,0.24,0,-0.08,-0.2,0,0,0,-0.34,0.116
-0.01,0.01,0.04,0,0.42,-0.25,0,0.3,-0.03,0.07,0.01,0,0,0.02,0.56,1.35
0.03,1.05,2.28,0,-0.69,-0.03,0.01,-0.23,0.07,0,0.19,0,0.19,1.36,4.2,0.0329999999999995
-0.06,0.96,1.92,0,1.24,-3.22,-0.02,1.24,0.11,-0.08,-0.95,0,0.1,1.41,2.7,1.04
-0.37,0.67,-0.28,0,2.66,-2.58,-0.01,2.17,0.03,-0.15,-0.23,0,0,0.78,3.04,3.208
0.68,0.07,0,0,0.35,0.27,0.01,0.13,-0.1,0.32,0.02,0,0,0,1.06,1.443
-0.04,0.06,-0.29,0,0.67,-2.04,0,0.81,-0.03,0,-1.67,-0.01,-0.15,3.26,0.59,3.47
0.04,0,0.08,0,1.44,-0.45,-0.02,0.95,-0.18,-0.03,-0.26,0,0,0,1.5,0.762
0.02,0.06,0.58,0,-0.15,-0.73,0,0.1,0.1,0.13,-0.31,0,0.03,1.64,1.44,0.877
-0.2,0.77,0.47,0,0.21,-1.04,-0.01,0.49,0,-0.58,-0.11,-0.01,0.25,-0.86,-0.45,0.377
-0.05,0,0.12,0,0.83,-0.43,-0.02,0.46,-0.05,0,-0.02,0,0,0.08,0.95,1.357
0.02,0.06,1.36,0,-0.03,-0.83,-0.01,0.05,-0.02,0.16,0.57,0,0.19,0.05,1.53,0.308
0,0.01,0.06,0,-0.05,-0.08,0,0.06,-0.05,0,-0.09,0,0,1.84,1.69,0.451
0,-0.17,0,0,0.08,-0.01,0.12,0.05,0.26,-0.03,-0.01,0,0,-0.01,0.26,1.891
-0.03,0.04,1.24,0,0.05,-0.72,-0.01,0.19,-0.01,0.02,0.15,0,0.22,0.59,1.73,0.428
-0.01,0,0.01,0,-0.01,0,0,-0.01,0,0,0,0,0,0,-0.01,0.209
-0.29,0.05,0.09,0.01,1.71,-0.51,-0.05,1.02,-0.04,-0.12,-0.09,-0.04,0.02,0.09,2.12,1.08
0,0.01,0.02,-0.01,0.33,-0.24,-0.01,0.22,-0.04,0,0.4,0,0,0.09,0.74,2.508
-0.1,0.05,2.13,0,0.55,-3.5,-0.01,0.97,-0.07,0.66,-0.95,0.07,0.33,4.22,4.44,2.481
-0.01,0,0.01,0.01,2.06,-0.37,0,1.23,-0.27,0.07,-0.3,0,0,0.02,2.45,2.857
-0.06,0.07,0.01,0.02,0.95,-0.69,-0.02,0.73,-0.07,0.03,1.01,0,0,-0.03,1.98,0.097
-0.01,0.04,-0.03,0,0.09,-0.64,0,0.25,-0.04,0,-0.36,-0.01,-0.01,1.73,1.02,0.662
-0.06,0.18,1.4,0,0.77,-1.08,-0.01,0.59,-0.04,0.66,0.03,-0.02,0.25,0.91,3.61,0.0800000000000001
0,0,0,0,0,0,0,0,0,0,0,0,0,0,0,0.455
0,0,-0.02,0,0,0,0,0,0,0,0.02,0,-0.02,0,-0.02,0.456
-0.06,0.02,-0.07,0.01,1.77,-0.91,0,1.15,-0.14,0.03,0.14,0,0,0.06,2.06,0.949
0.01,0,0,0,-0.06,-0.18,0,0.03,0.07,0,-0.28,0,0,1.27,0.84,1.008
0.01,0,-0.04,0,0.03,0,0,0.01,0,0,0.06,0.09,-0.06,0,0.07,0.084
-0.05,0.1,0.36,0,2.72,-1.47,-0.01,1.89,0.01,-0.12,-0.66,0,0,0.1,2.9,0.238
0,0.06,0.65,0,0.71,-0.1,-0.02,0.45,0.01,0,0,0,0,0.25,2.01,1.628
-0.19,0,0,-0.03,0.58,-0.98,-0.01,0.55,-0.01,-0.05,0.15,0,0,0.06,0.25,2.497
-0.54,0,0,0.01,1.44,-1.17,-0.02,1.1,-0.01,0,-0.25,0,0,0.06,1.14,3.112
-0.17,0.75,0.75,0,0.62,-1.6,-0.03,0.92,-0.02,-0.59,-1.26,-0.03,0.43,0.77,0.7,1.521
-0.02,0,0.01,0,1.41,-1.36,0,1.12,-0.19,-0.1,-0.16,0,-0.02,0,0.68,1.66
0,0,-0.41,0,0.04,-0.21,0,0.04,0.02,-0.08,0.42,0,-0.36,0,-0.54,0.8
0,0,-1.04,0,0.04,0.1,0.01,-0.01,0.03,0.08,1,0,-0.49,-0.71,-1.02,0.962
0,0.03,0.36,0,0.04,-0.33,0,0.11,-0.01,0,0.35,-0.03,0.19,0.03,0.75,0.386
-0.02,0.02,-0.01,0,0,0,0,0,0,0.98,0.07,0,0.01,0,1.06,1.178
0,0,-0.01,0,0,0,0,0,0,0,0.01,0,-0.01,0,0,0.015
-0.12,0.02,0.02,0,0.06,-0.3,-0.01,0.14,0,0.46,0.08,-0.02,0.01,0,0.47,0.0669999999999999
-0.06,0.11,0.04,0,0.71,-0.24,0.03,0.48,-0.02,0.03,-0.29,-0.02,0.03,0,0.85,1.77
0.14,-0.25,0.58,0,0.54,-0.3,0,0.33,1.45,0.02,-0.4,-0.01,0.33,-0.85,1.44,0.114
0,-0.02,0.07,0,0.07,-0.05,0,0.05,-0.01,0.17,-0.04,0,0.05,0,0.29,0.032
0,0,-0.06,0,-0.01,0,0,-0.01,0,0,0.03,0,-0.05,0,-0.09,0.996
-0.01,0,-0.05,0,-0.01,0.05,0,-0.01,0,0.01,0,0,-0.03,0,-0.03,0.549
-0.05,0.65,0.96,0,0.63,-2.38,0,0.75,-0.06,-0.07,-1.35,-0.02,0.32,1.61,1.04,0.139
-0.03,0,-0.46,0,0.16,-0.44,0,0.26,0,-0.29,-1.28,-0.01,-0.09,2.08,-0.06,1.108
0,0,-0.01,0,0,0,0,0,0,-0.32,-0.02,0,-0.01,0,-0.35,0.221
0,0,0.03,0,0,0,0,0,0,0,0,0,0.02,0,0.04,0.32
0,0,0.03,0,0,0,0,0,0,0,-0.01,0,0.01,0,0.04,0.324
0,0,0.02,0,0,0,0,0,0,0,0,0,0.01,0,0.03,0.276
0,0,0.03,0,0,0,0,0,0,0,0,0,0.01,0,0.04,0.946
0,0,-0.02,0,-0.02,0.11,0,-0.04,-0.01,0,0.4,0.02,-0.03,0.01,0.43,0.993
0,0,-0.08,0,0,0,0,0,0,0,0.06,0.02,-0.06,0,-0.06,0.137
0,0,-0.71,0,-0.05,0.4,0,-0.14,0,0,0.52,0.02,-0.19,-0.2,-0.35,0.796
0,0,0,0,-0.02,0.1,0,-0.04,0,0.19,0.03,0,-0.07,0,0.19,0.433
0,0,0,0,0.01,0.02,0,-0.01,0,0,0,0,-0.01,0,0.03,0.216
0,0,0,0,0.01,0.01,0,-0.01,0.01,0.17,0,0,-0.01,0,0.18,0.016
0,0,0,0,-0.02,0,0,-0.01,0,-0.02,0.01,0,-0.01,0,-0.04,0.663
0,0,0,0,0.02,-0.02,0,0.01,0,0,0,0,-0.01,0,0,0.396
0.02,-0.01,0,0,0.01,-0.01,0,0.01,0,0.01,-0.01,0,-0.01,0,-0.02,1.269
0,0,0,0,-0.02,0,0,-0.01,0,-0.02,0.01,0,-0.01,0,-0.04,0.899
0.18,0,0,0,-0.47,0.46,0,-0.37,0.01,0.12,0.19,0,-0.01,0,-0.08,0.9
0,0,0,0,0.04,-0.04,0,0.02,0,0.01,0,0,-0.01,0,0.02,1.212
0,0,0,0,-0.12,0.34,0,-0.15,0,0.06,0.01,0,-0.01,0,0.13,0.369
0.01,-0.01,0,0,-0.21,0.4,0,-0.22,0,0.15,0.04,0,-0.01,0,0.15,0.85
0.01,-0.02,0,0,-0.52,0.23,0.02,-0.32,0.04,0.03,0.17,0,-0.01,0,-0.37,0.575
0,0,0,0,-0.02,0.11,0,-0.04,0,0.17,0.01,0,-0.01,0,0.23,0.421
0,0,0,0,-0.07,0,0,-0.04,0.01,0.24,0.04,0,-0.01,0,0.17,0.284
0.31,-1.14,-0.2,0,-0.6,1.43,0.04,-0.8,0.1,0.27,1.2,0,-0.05,-1.18,-0.93,0.298
0,0,0,0,0,0.02,0,-0.01,0,0,-0.01,0,-0.01,0,0,0.949
0,0,0,0,0,-0.01,0,0,0,0,0,0,-0.01,0,-0.02,0.766
0,0,0,0,0.02,-0.02,0,0.01,0,0,0,0,-0.01,0,0,0.949
0.01,0,-0.03,0,-0.04,0.14,0,-0.05,0,0.21,0.04,0,-0.09,0,0.19,0.927
0,0,0,0,0.02,0,0,-0.01,0,0.15,0.01,0,0,0,0.18,0.744
0.09,0.01,0.14,0,-1.41,0.61,0,-0.98,0.08,0.08,0.63,0,0,0,-0.83,1.001
0,0,0,0,-0.03,0.01,0,-0.03,0.01,0.18,0.01,0,0,0,0.16,0.282
0.05,0,0.06,0,-0.77,0.35,0,-0.55,0.03,0.38,0.73,0,0,-0.85,-0.6,0.349
0.1,0,0.01,0,-0.7,0.1,0.04,-0.36,0.08,0.21,-0.06,0,0,0,-0.69,2.193
0.04,0.01,0.26,0,-0.3,0.22,0,-0.25,0.02,0.1,-0.05,0,0.17,0,0.17,0.306
0.08,0,0.12,0,-0.29,0.19,0,-0.19,0.03,0.05,0.16,0,0.11,0,0.18,0.622
0.03,0,0,0,-0.02,0.03,0,-0.02,0,0.18,0.01,0,0,0,0.18,0.812
0.02,0,-0.17,0,-0.01,0.02,0,-0.02,0,0.15,0.1,0,-0.16,0,-0.1,0.386
0.09,0,-0.15,0,-0.12,0.03,0,-0.08,0.01,-0.02,0.16,0,-0.17,0,-0.34,1.069
0.11,0,0.04,0.01,-0.96,1.31,0,-1.01,0.11,0.11,1.27,0,0,-1.45,-0.57,1.171
0.1,0.01,0.01,0,-0.65,0.64,0,-0.58,0.05,-0.15,0.34,0,0,0,-0.33,0.47
0.04,0,0,0,0,0.02,0,-0.02,0.01,0.21,0.01,0,0,0,0.23,0.491
0.03,0,0,0,-0.48,0.23,0,-0.34,0.02,0.45,0.14,0,0,0,0.03,2.007
0.05,0,0,0,-0.08,0.02,0,-0.08,0.02,0.3,0.07,0,0,0,0.26,2.237
0.16,0,0.04,0,-1.57,0.52,0.01,-1.01,0.09,0.1,0.34,0,0.01,0,-1.49,0.0629999999999999
0.09,0.01,0.03,0,-0.33,0.26,0,-0.25,0.04,0.32,0.01,0,0,0,0.08,1.584
0,0,0,0,0.04,0,0,0.01,0,0.1,-0.02,0,0,0,0.13,0.038
0.14,0,0.01,0,-0.9,0.39,0,-0.53,0.06,0.39,0.38,0,0,0,-0.21,1.418
0,0,0,0,-0.55,1,0.07,-0.58,0.53,-0.51,0.56,0,0,-0.26,0.28,0.669
0.15,0,0.01,0,-1.12,0.49,0.47,-0.72,0.12,-0.05,0.4,0,0,0,-0.4,0.328
0,0,0,0,-0.28,0.07,0.04,-0.26,0.04,-0.06,0.52,0,0,0,0.07,0.734
0.01,-0.01,0,0,-0.33,0.64,0.11,-0.4,0.07,-0.04,0.51,0,0,0,0.55,0.353
0.04,-0.05,0.02,0,-2.68,0.95,0.12,-1.56,1.61,-0.03,1.24,0,-0.02,0,-0.4,0.725
0.01,0,-0.25,0,-0.2,0.99,0.17,-0.29,0.03,0.04,0.47,0,-0.16,0,0.79,0.332
0.11,-0.02,0.04,0,-2.01,0.45,0.16,-1.25,0.38,-0.15,1.06,0,0.01,0,-1.34,0.944
0.01,-0.03,0.01,0,-1.61,0.32,0.27,-0.86,0.09,0.01,0.77,0,0,0,-1.03,1.048
0.01,0,0,0,-0.58,0.61,0.24,-0.48,0.02,0.02,0.56,0,0,0,0.41,0.135
0.01,-0.05,0.01,0,-1.37,0.18,0.54,-0.67,0.34,-0.31,0.22,0,0,0,-1.12,1.318
0.18,-0.42,0.01,0,-1.07,0.57,0.56,-0.78,0.17,0.18,0.56,0,0,-0.42,-0.65,0.467
0.07,-0.72,0.02,0,-0.78,0.93,0.25,-0.55,0.06,0.25,1.2,0,0.04,-0.72,-0.03,1.142
0.01,0,0,0,0.27,0.73,0,-0.16,0.01,-0.04,0.38,0,0,0,1.2,0.454
0,0,0,0,0.81,-0.2,-0.01,0.43,-0.04,-0.03,-0.09,0,0,0,0.89,0.232
0.01,0,0.39,0,-0.91,0.73,0,-0.82,0.09,-0.2,0.46,0,0.23,0,-0.02,0.241
0.01,-0.01,0,0,-0.26,-0.13,0,-0.13,0,-0.36,0.2,0,0,0,-0.69,2.658
0.01,0,-0.86,0,-0.98,1.48,0,-0.83,0.08,-0.16,0.85,0,-0.31,0,-0.74,0.844
0.01,-0.01,0.02,0,-0.72,0.55,0.1,-0.6,0.1,-0.09,0.6,0,0,0,-0.05,0.296
0.09,0,0.01,0,-1.1,0.77,0.41,-0.84,0.11,0.05,0.66,0,0,0,0.07,0.702
-0.04,0,-0.07,-0.02,1.24,-0.77,-0.13,0.74,-0.06,0.16,-0.06,0,-0.02,0.23,1.25,2.3
-0.03,0.01,-0.05,0,-0.56,-0.67,-0.06,-0.04,0.02,-0.27,0.61,0,-0.02,-0.03,-1.08,2.553
-0.03,0,-0.05,0,-0.32,-0.77,-0.04,0.06,0.01,-0.1,0.34,0,-0.02,-0.03,-0.92,2.412
-0.01,-0.01,-0.03,-0.01,0.52,-0.41,-0.07,0.29,-0.02,-0.15,0.28,0,-0.02,0.08,0.46,2.201
0,0,-1.28,0.33,0.43,0.75,-0.01,0.22,-0.05,-0.09,0.55,0.07,-0.31,0.13,0.74,4.115
0,0,0,-0.01,0.92,-0.26,-0.12,0.4,-0.05,-0.08,-0.09,0,0,0.12,0.82,0.69
0.12,0.17,-0.36,0.01,-0.43,0.6,0.42,-0.48,2.52,-0.05,0.67,0,-0.05,0.22,3.23,1.065
0,-0.06,-1.44,0.34,-0.49,1.39,-0.12,-0.39,0.02,-0.65,1.1,0.07,-0.24,-0.39,-0.86,3.875
0,0,-0.06,-0.01,-0.17,-0.31,0.08,-0.02,-0.04,-0.12,0.16,0,0,0.07,-0.41,2.856
-0.03,-0.01,-0.06,0,0.12,-0.53,-0.12,0.03,0,-0.11,0.57,0,-0.02,0.01,-0.12,2.179
0.15,-0.03,-0.82,-0.03,-2.07,0.32,0.05,-1.36,4.3,-0.45,0.67,0,-0.02,-0.02,0.54,1.146
0,-0.06,-0.06,0,-0.46,0.15,-0.1,-0.33,0.02,-0.4,0.79,0,-0.01,0.03,-0.43,2.371
0.16,0.02,-0.02,-0.03,-2.66,0.41,-0.01,-1.44,2.24,-0.36,1.31,0,0,-0.93,-1.47,3.718
-0.01,0,-0.48,0,-0.77,0.67,-0.1,-0.79,0.06,-0.07,1.63,0,-0.18,-1.21,-1.24,4.644
0.03,-0.33,-0.21,0,-1.31,1.11,-0.12,-0.81,0.1,0.32,1.78,0,-0.11,-1.17,-0.73,4.072
0,0,0,-0.01,0.58,-0.42,-0.12,0.37,-0.05,-0.07,0.1,0,0,0.13,0.5,2.645
0,0,0,-0.01,-0.18,-0.84,-0.12,0.1,-0.03,-0.55,0.37,0,0,0.14,-1.12,4.152
-0.03,-0.01,-0.05,0,-1.65,-0.25,-0.11,-0.84,0.12,-0.17,1.04,0,-0.02,-0.05,-2,4.468
0,0,-0.58,-0.01,0.25,-0.28,-0.12,0.22,0.03,-0.14,-0.08,0,-0.08,0.07,-0.72,2.39
0.01,0.04,0,0,1.34,-0.13,0.69,0.61,1.26,-0.16,-0.57,0,0,0.01,3.1,3.586
-0.82,0.73,0.01,0,2.27,-0.71,0.02,1.16,2.82,-0.21,-0.81,0,0,-0.02,5.26,0.802
-0.14,0.22,0,0,3.18,-0.54,-0.02,1.5,-0.19,-0.05,-1.03,0,0,-0.01,3.06,2.057
-0.41,0.41,0,0,4.19,-1.06,-0.03,2.07,-0.19,-0.08,-1.03,0,0,0,4.29,1.003
-0.11,0.03,-0.01,0.11,0.97,2.28,0,-0.3,5.78,-0.08,-0.1,0,0,-0.02,8.67,2.288
0.04,0.01,-0.09,-0.03,-0.59,2.08,0.22,-1.24,9.78,-0.08,0.24,0,0,-1.36,8.93,2.386
-0.08,0.05,0.07,0,1.86,3.02,0.01,0.35,-0.12,-0.25,0.42,0,0.1,-0.02,5.49,1.476
-0.11,0.1,-1.41,0.34,2.67,3.22,0,0.75,-0.15,-0.19,-0.51,0.06,-0.19,0.07,4.78,2.728
-0.03,0.01,0,0,1.85,1.34,0.04,0.32,-0.04,-1.11,0.2,0,0,-0.07,2.53,0.771
0.03,-0.03,-0.76,0,1.29,3.52,0.11,-0.83,6.74,-0.23,0.67,0,-0.23,-0.71,9.54,2.455
0,0.01,-0.02,0,0.68,0.11,0.69,0.36,1.86,-0.21,-0.1,0,0,-0.06,3.32,4.043
-0.1,0.04,0,0,2.56,1.31,0,0.6,-0.18,-0.22,-0.36,0,0,-0.02,3.72,1.433
0.03,-0.03,-0.06,0,-0.47,0.71,0.2,-0.71,6.02,-0.19,-0.19,0.02,0,-0.02,5.27,0.172
-0.08,0.03,0,0,0.26,-0.3,0.18,-0.03,0.39,-0.19,0.29,0,0,-0.02,0.61,0.615
-0.12,0.18,0,0,3.63,0.39,-0.01,1.33,-0.19,-0.15,-0.51,0,0,0,4.67,1.621
-0.14,0.13,0,0,2.55,-0.41,-0.01,0.96,-0.19,-0.2,-0.15,0,0,0,2.69,2.778
-0.02,-0.15,-0.05,0,-1.6,2.38,0.19,-1.65,14.64,0.07,-0.08,0,0,-0.02,13.71,6.27
0,-0.08,-0.51,0,0.73,3.59,0.01,-0.28,1.12,-0.14,0.8,0,-0.18,-0.37,4.67,0.944
0,-0.23,0,0,2.47,0.68,0.24,0.83,0,-0.12,-0.5,0,0,-0.34,3.03,2.127
0.13,0.05,-0.2,-0.01,-1.31,0,0,-0.61,1.51,0.14,1.15,0,-0.09,0.09,0.72,0.00700000000000001
0,-0.01,-0.2,0,-0.53,0.19,-0.02,-0.31,0,-0.1,1.23,0,-0.1,-0.06,0.09,2.001
-0.7,0.08,-0.2,0,-0.07,-1.17,-0.01,0.17,0.45,-0.31,0.51,0,-0.09,0.05,-0.6,3.766
0,0.08,-0.2,0,0.12,0.01,-0.01,-0.02,0,0.06,0.54,0,-0.09,0.04,0.52,0.676
0,0.11,-0.2,0,0.44,-0.08,-0.01,-0.03,0.02,0.12,0.9,0,-0.09,-0.46,0.71,1.111
0.13,0.08,-0.2,-0.01,-1.15,0.51,-0.02,-0.74,0.01,0.24,1.33,0,-0.09,0.09,0.07,1.063
-0.04,0.08,-0.2,0,-0.02,-0.41,0.09,0.1,0.02,-0.08,0.53,0,-0.09,-0.02,0,1.345
0,0.11,-0.2,-0.01,0.08,-0.38,-0.02,0.08,0,0.2,0.43,0,-0.09,0.13,0.32,0.867
0,0.03,-0.2,0,-0.09,-0.21,0.02,-0.1,0,-0.03,0.39,0,-0.09,-0.01,-0.28,0.931
0.05,-1.12,-0.43,0,-0.23,1.16,0.01,-0.62,0.01,0.12,1.86,0,-0.22,-1.22,-0.67,2.119
0.03,0.05,-0.2,-0.01,-0.73,-0.27,-0.02,-0.27,0.48,0.08,0.71,0,-0.09,0.08,-0.19,1.333
-0.03,0.08,-0.2,0,-0.07,-0.39,0.09,0.06,0.02,-0.05,0.54,0,-0.09,-0.02,-0.03,1.262
-0.05,0.07,-0.2,-0.01,-0.41,-0.29,0.51,-0.13,1.3,0.06,0.48,0,-0.09,0,1.29,0.219
-0.13,0.16,-0.2,-0.01,0.65,-0.68,-0.02,0.41,0.01,0.4,0.41,0,-0.09,0.13,1.17,0.921
-0.03,0.1,-0.18,-0.01,0.2,0.07,0.02,0.07,0,0.05,0.44,0,-0.05,0.07,0.79,0.22
-0.02,0.09,-0.2,-0.01,-0.25,-0.28,-0.02,-0.27,0.06,0.2,1.1,0,-0.09,0.13,0.47,0.913
-0.04,0.08,-0.2,0,-0.02,-0.14,0.01,-0.01,0,-0.01,0.48,0,-0.09,-0.02,0.09,0.591
0,0.46,-0.19,-0.01,-0.35,-0.47,0.04,0.01,-0.01,-0.25,0.58,0,-0.09,0.38,0.1,0.956
0.03,0.06,-0.2,0,-0.51,0.38,-0.02,-0.49,0.49,0.26,0.93,0,-0.09,-0.34,0.47,1.014
-0.04,-0.02,0,0,1.46,0.5,0.32,0.68,-0.06,-0.02,-0.01,0,0,0,2.84,2.145
0.03,-0.6,0,0,1.57,0.27,-0.02,0.65,-0.06,0.42,0.07,0,0,-0.58,1.73,1.863
-0.01,-0.02,0,0.05,0.14,-0.24,0.36,0.33,1.51,0.03,0.23,0,0,-0.05,2.34,1.537
0.03,-0.88,0.32,0.02,0.09,1.66,0,-0.11,0.35,0.36,1.39,0,0.12,-0.88,2.44,1.992
-0.02,-0.01,0.01,0.08,0.6,0.64,-0.01,0.17,-0.02,0.02,-0.32,0,0.01,0,1.16,1.222
-0.02,0,0,0,-0.01,-0.27,0,0.08,-0.02,-0.02,-0.05,0,0,0,-0.29,0.765
0.08,0,-0.4,0.01,0.86,1.27,0,0.33,-0.02,0.04,0.53,0,-0.13,0,2.49,3.841
0.03,-0.02,0,0.05,0.5,-0.24,0.23,0.46,1.39,0.03,-0.11,0,0,-0.05,2.22,1.908
-0.01,0.01,0,0,2.06,-0.6,-0.02,1.22,-0.08,-0.14,-0.58,0,0,0,1.87,1.296
0,0,0,0,1.01,0.48,0,0.39,-0.04,0.17,0.61,0,0,0,2.62,2.012
-0.12,0.07,0,0,2.68,-0.82,-0.02,1.53,-0.08,0.52,-0.63,0,0,-0.02,3.24,0.888
-0.02,0.03,0,0,1.57,-0.54,-0.02,0.85,-0.06,0.08,0.03,0,0,0,1.94,1.464
-0.04,0,0.01,0,0.1,-0.37,-0.01,0.18,-0.02,0.04,0.53,0,0.01,0,0.45,2.323
0,-0.02,0,0,-0.58,0.12,0.01,-0.3,0.04,0.07,-0.2,0,0,0,-0.87,1.102
0.03,1.14,-0.01,0.08,1.1,-0.34,-0.02,0.9,6.38,-0.74,-0.35,0,0,-0.1,8.04,2.747
0,-0.01,-0.27,0,1.66,1.02,-0.02,0.77,-0.06,-0.06,-0.11,0,-0.11,0,2.82,3.511
-0.02,0.03,0,0,2.28,-0.1,-0.02,1.11,-0.07,0.02,-0.23,0,0,0,3.02,0.573
0.02,-0.01,0,0,0.27,-0.17,0.1,0.38,0.02,-0.07,0.31,0,0.01,0,0.84,0.516
-0.02,0.03,0.3,0.02,0.73,0.72,0.04,0.12,0.04,-0.32,0.47,0,0.09,-0.02,2.22,2.092
-0.08,0.37,-0.03,0,0.97,-0.84,0,0.78,0.34,-0.64,-0.63,0,-0.07,0.35,0.6,6.013
0,0.38,-0.15,0,0.28,-0.21,0,0.28,-0.01,-0.26,-0.4,0,-0.15,0.38,0.13,0.324
0,0.38,-0.04,0,0.73,-0.47,0,0.49,-0.01,-0.97,-0.56,0,-0.07,0.38,-0.15,0.564
0,0.38,-0.04,0,-0.12,-0.5,0,0.17,0,-0.35,-0.29,0,-0.07,0.38,-0.45,0.397
0,0.38,-0.04,0,0.76,-0.41,0,0.52,-0.01,-0.24,-0.59,0,-0.07,0.38,0.67,1.638
0,0.38,-0.04,0,-0.18,0.36,0,-0.12,0.07,-0.27,-0.06,0,-0.07,0.38,0.44,0.926
0.01,0.38,-0.04,0,0.56,-0.46,0,0.46,-0.01,-0.19,-0.52,0,-0.07,0.38,0.49,0.835
0,0.38,-0.04,0,0.54,-0.62,0,0.4,-0.01,-0.85,-0.48,0,-0.07,0.38,-0.39,0.31
0.03,0.35,-0.04,0,0.14,-0.12,0,0.06,-0.01,-1.02,-0.24,0,-0.07,0.38,-0.56,0.542
0,0.38,-0.02,0,-0.25,-0.15,0,0.01,0,-0.21,-0.15,0,-0.04,0.38,-0.06,0.656
0.01,0.38,-0.04,0,0.73,-0.39,0,0.47,-0.01,-0.97,-0.55,0,-0.07,0.38,-0.07,0.052
0,0.38,-0.11,0,0.76,-0.42,0,0.52,-0.01,-0.25,-0.58,0,-0.12,0.38,0.55,0.345
-0.01,0.38,-0.04,0,0.76,-0.45,0,0.54,-0.01,-0.2,-0.61,0,-0.07,0.38,0.68,0.475
0,0.38,-0.04,0,0.72,-0.41,0,0.5,-0.01,-0.23,-0.57,0,-0.07,0.38,0.64,0.422
0,0.38,-0.04,0,0.49,-0.33,0,0.31,-0.01,-1.06,-0.56,0,-0.07,0.38,-0.53,0.855
0.01,0.38,-0.04,0,0.76,-0.43,0,0.51,-0.01,-0.2,-0.62,0,-0.07,0.38,0.66,0.0900000000000001
0,0.38,-0.06,0,0.75,-0.41,0,0.51,-0.01,-0.22,-0.58,0,-0.07,0.38,0.66,1.186
0.01,0.38,-0.04,0,0.06,-0.46,0,0.23,0,-0.35,-0.34,0,-0.07,0.38,-0.22,0.58
0,0.38,-0.04,0,-0.82,-0.48,0,-0.25,-0.01,-0.26,0.06,0,-0.07,0.38,-1.11,0.361
0.48,-0.09,0,0,-3.72,2.65,0.45,-2.53,28.3,0.61,0.53,0.01,0,-0.02,26.17,24.549
-0.28,0,0,0,-1.27,0.09,-0.01,-0.62,5.54,0.29,0.29,0,0,-0.02,4.3,4.04
-0.05,-0.04,-0.9,0,-1.15,3.06,-0.01,-0.99,8.5,0.06,0.45,0,-0.12,-0.02,8.86,6.398
-0.18,-0.06,0,0,-2.72,0.35,0.08,-1.21,16.71,0.11,0.62,0.01,0,-0.02,13.84,10.753
-0.16,-0.04,0.64,0,-1.95,3.17,0.56,-2.06,9.75,0.61,0.66,0.01,0.19,-0.09,11.44,6.658
-0.18,-0.05,-0.64,0,-1.53,2.4,0.04,-1.08,8.57,0.11,1.03,0,-0.14,-0.02,8.68,7.243
-0.12,-0.05,0,0,-1.65,1.67,0.04,-1.29,8.4,0.3,1.25,0,0,-0.02,8.65,5.889
-0.04,-0.01,0,0,-0.66,0.03,0,-0.26,4.02,0,-0.02,0,0,-0.02,3.07,2.816
-0.1,-0.02,0,0,-0.28,0.68,0.1,-0.39,5.74,0.02,0.34,0,0,-1.26,4.93,4.027
-0.02,-0.04,0,0,-1.45,0.24,0.01,-0.9,6.2,0.04,0.77,0.01,0,-0.02,4.86,3.697
-0.06,0,0,0,-1.14,1.49,0.49,-1,6.92,0.07,0.6,0.01,0,-1.27,6.16,4.568
-0.17,-0.07,0,0,-2.77,0.72,0.01,-1.53,11.11,0.21,0.96,0,0,-0.02,8.63,6.465
-0.26,0.02,0.13,0,-2.83,0.84,0.53,-1.59,10.67,0.2,0.5,0.01,0,-0.03,8.43,6.969
-0.22,-0.06,0.22,0,-2.38,2.21,0.46,-1.45,9.91,0.18,1.06,0.01,0.1,-0.02,10.24,6.98
-0.15,-0.04,0,0,-2.16,0.11,0.47,-0.87,14.17,0.01,0.17,0.01,0,-0.02,11.83,9.317
-0.14,-0.01,0,0.11,-2,2,0.59,-1.52,7.28,0.26,0.76,0.01,0,-0.03,7.44,5.956
0.08,-0.51,0.12,0,-2.99,1.8,0.45,-2.06,28.05,0.2,0.61,0,0,-0.52,25.16,23.973
-0.1,-0.04,0,0,-1.52,0.79,0.08,-0.85,12.78,0.05,0.37,0,0,-1.34,10.31,7.537
-0.19,-0.04,0,0,-2.37,0.19,0.1,-0.96,18.39,-0.27,0.62,0.01,0,-0.02,15.64,11.328
0.01,0,0,0,-0.24,0.26,-0.01,-0.19,0.02,0.46,0.32,0,0,0,0.62,0.242
0.01,0,0,0,-0.53,-0.15,0,-0.28,0,0.46,0.38,0,0,0,-0.11,1.189
-0.07,0,0,0,-0.3,-0.28,-0.01,0,0.29,0.35,0.23,0,0,-0.02,0.27,0.589
0.02,-0.07,0,0,0.25,-0.09,-0.01,0.12,0.04,0.19,0,0,0,-0.07,0.36,1.688
0.15,-0.04,0,0,0.4,-0.1,-0.01,0.23,0,0.46,0,0,0,0.05,0.99,1.554
-0.06,0.01,0,0,0.08,-0.47,0.11,0.26,2.27,0.27,-0.14,0,0,0.03,2.41,5.329
0.01,0,0.37,0,-0.24,0.42,-0.01,-0.3,0,0.55,0.29,0,0.24,0,1.31,0.534
0.08,-0.03,0,0,0.12,-0.17,-0.01,0.12,0,0.43,0,0,0,-0.02,0.45,2.073
0,0,-0.31,0,0.02,0.21,-0.01,0.02,0,0,0.02,0,-0.13,0,-0.18,2.855
-0.08,0,0,0,-0.27,-0.29,-0.01,0.03,0.37,0.34,0,0,0,-0.02,0.16,0.181
0.01,0,-0.38,0,-0.16,0.42,-0.01,-0.12,0,0.41,0.36,0,-0.19,0,0.35,1.354
-0.06,0,0,0,-0.06,-0.05,-0.01,0.05,0.48,0.37,0.06,0,0,-0.02,0.82,0.275
0.01,0,0.11,0,-0.96,0.39,0,-0.67,0.31,0.62,0.44,0,0,0,0.24,1.414
0.01,0,0.19,0,-0.44,0.23,-0.01,-0.24,0,0.52,0.44,0,0.14,0,0.83,1.755
0,0,0,0,-0.01,-0.21,-0.01,0.03,0,0.38,0.2,0,0,0,0.37,0.226
0.01,0,0.14,0,-1.11,0.11,0,-0.66,0.03,0.61,0.37,0,0,0,-0.52,2.341
0.01,0,0,0,-1.31,0.76,0,-0.98,0.11,0.76,0.44,0,0,0,-0.22,1.924
0.01,-0.01,0,0,-0.39,0.18,-0.01,-0.28,0,0.05,0.04,0,0,0,-0.43,0.096
-0.04,0,0,0,-0.69,-0.26,-0.01,-0.2,0.32,0.31,0.35,0,0,0,-0.17,2.78
0.08,0.27,0,0,-0.42,0.5,-0.02,-0.45,0.38,-0.23,-0.04,0,0,-0.01,-0.03,2.649
-0.33,0.4,0.01,-0.01,1.18,-1.12,-0.02,0.9,-1.16,-0.38,-1.37,0,0,1.61,0.05,0.05
0.04,-0.72,0.26,0,-0.49,2,0,-0.31,0.05,0,0.23,0,0.07,-0.19,0.89,3.201
0.08,-0.02,0.06,0,-0.09,-0.11,-0.01,0.09,0.01,-0.11,-0.54,0,0.01,1.27,0.56,0.804
0,0,0.07,0,0.01,-0.02,-0.01,0.01,0,0,-0.02,0,0.05,0,0.09,0.623
0,-0.02,-0.01,0,-0.01,0.02,0,-0.01,0,0.05,-0.05,0,0,0,-0.03,0.44
0,0,0,0,0,0,-0.01,0,0,0,-0.01,0,0,0,-0.01,0.01
0,0,0,0,0,0,0,0,0,0,0,0,0,0,0,0.41
0,0,0,0,0,0,0,0,0,0,0,0,0,0,0,0
0,0,0,0,0,0,0,0,0,0,0,0,0,0,0,0
0,0,0,0,0,0,0,0,0,0,0,0,0,0,0,0
0,0,0,0,0,0,0,0,0,0,0,0,0,0,0,0
0,0,0,0,0,0,0,0,0,0,0,0,0,0,0,0
0,0,0,0,0,0,0,0,0,0,0,0,0,0,0,0
0,0,0,0,0,0,0,0,0,0,0,0,0,0,0,0
0,-0.04,0,0,0,0.27,0,-0.09,0.03,0.09,0.16,0,0,-0.03,0.39,0.39
-0.04,0,0,0,-0.03,-0.26,0,0.02,0.11,0.08,-0.09,0,0,0,-0.17,0.58
0,0,0,0,0,0,0,0,0,0,0,0,0,0,0,0
0.15,0,0,0,-0.27,-0.04,0,-0.14,0.34,0.08,0.18,0,0,0,0.14,1.356
0,0,0,0,0,0,0,0,0,0,0,0,0,0,0,0
0,0,0.01,0,0,0,0,0,0,0,0,0,0,0,0,0
0,0,0,0,0,0,0,0,0,0,0,0,0,0,0,0.41
0,0.03,0,-0.01,0.05,0.01,-0.01,0.02,0,-0.03,0.09,0,0,0,0.17,0.17
0,-0.23,0,0,0.05,0.08,0,-0.02,0.26,0.05,-0.63,0,0,-0.12,-0.54,0.54
0,-0.02,0,0,-0.76,0.17,0.02,-0.49,0.6,0.12,-0.06,0,0,0.04,-0.39,4.481
-0.01,-0.04,0.73,0,-0.22,-1.94,0,0.22,0,-0.01,-0.05,0,-0.23,2.58,1.02,3.071
-0.18,0,-0.05,0,0.26,-0.17,-0.01,0.18,0,0.23,-0.17,0,-0.03,0,0.24,0.17
0.02,0,-0.06,0,-0.05,0.17,-0.01,-0.07,0,0,0.01,0,-0.02,0,-0.02,0.973
-0.06,-0.75,0.81,-0.01,0.15,1.06,-0.02,-0.03,-1.23,0.05,1.14,0,-0.04,-0.83,0.3,3.791
0.05,1.09,0.69,0,0.62,-2,-0.03,0.64,-1.05,0,0.36,0,-0.04,0.52,0.78,1.947
-0.1,-0.45,0.02,0,0.16,0.86,-0.03,0.2,-1.08,-0.27,-0.32,0,-0.07,-2.01,-2.99,5.717
0.06,0,0.02,0,0.12,0.02,-0.01,0.02,0,0,-0.06,0,0.03,0,0.14,0.14
0.01,0,-0.33,-0.03,-0.03,0.71,-0.01,-0.13,0.02,0,0.86,0,-0.05,-1.31,-0.29,0.7
0.03,-0.01,0.18,0,-0.07,-0.15,0,-0.15,0,0,0.01,0,0.11,0,-0.08,2.807
0.17,-0.11,-0.02,-0.03,0.08,0.02,0,0.08,0.05,0.04,0.08,0,-0.02,0,0.17,0.821
0.13,-0.1,0.02,-0.03,0.17,-0.15,0,0.17,-0.02,0.03,0.03,0,0,0,0.14,0.55
0.05,-0.02,0.07,-0.03,-0.05,0,0,0,-0.01,0,0.03,0,0.01,0,0.01,0.4
0,0,0,0,0,0,0,0,0,0,0,0,0,0,0,0
0,0,0,0,0,0,0,0,0,0,0.03,0,0,0,0.02,0.02
0,0,0,0,0,0,0,0,0,0,0,0,0,0,0,0
0,0,0,0,0,0,0,0,0,0,0,0,0,0,0,0
0,0,0,0,0,0,0,0,0,0,0,0,0,0,0,0
0,0,0,0,0,0,0,0,0,0,0,0,0,0,0,0
0.06,0.99,1.5,0,0.95,-2.24,-0.01,0.97,0.04,0,-1.15,-0.08,0.28,0.8,2.05,0.317
-0.12,-0.09,0.44,0,-0.34,-0.55,-0.02,-0.05,0.02,-0.04,0.18,-0.07,0.18,0,-0.34,3.062
0.06,0.02,0.44,0,0.08,-0.49,-0.02,0.12,-0.01,0.55,0.13,-0.07,0.18,0,0.93,1.062
-0.07,0,0,0,-0.69,-0.7,0,-0.09,0,0.18,0.19,0,0,0,-1.11,0.213
-0.08,0.04,0.02,0,0.64,-0.99,0,0.61,0,-0.05,-0.21,0,0,0,0.05,0.43
0.18,-0.05,-0.13,0,0.79,0.41,-0.03,0.3,-0.01,0,0.13,-0.01,-0.02,-0.21,1.17,2.638
-0.02,0.01,-0.1,0,-0.02,0.5,0,-0.15,0.02,0.07,0.02,0,-0.06,0,0.29,1.328
0.05,0.04,-0.02,0,0.08,-0.01,0,0.04,0,-0.02,-0.09,0,-0.06,0,-0.04,1.07
0.03,0,0.01,0,0,0.01,0,0,0,0,0.03,0,0.02,0,0.06,0.022
0.1,-0.03,1.1,0,0.21,-1.3,-0.02,0.31,-0.01,0,-0.29,0,0.32,0.85,1.13,3.371
0.05,0,-0.01,0,0,0.02,0,-0.01,0,0,-0.03,0,-0.01,0,-0.04,0.2
0.05,0,-0.04,0,0,0.02,0,-0.01,0,0,-0.01,0,-0.05,0,-0.08,0.292
-0.01,0.06,0.02,0,-0.11,-0.67,-0.01,0.21,0.03,0.13,-0.29,0,0,1.16,0.54,1.885
0.18,0.04,0,0,0.16,-0.13,-0.01,0.13,0,0.01,0.08,0,0,0.05,0.34,2.586
0.06,0.97,1.76,0,0.99,-2.27,-0.08,1,0,0,-1.12,-0.2,0.39,0.8,2.24,1.368
-0.04,0.1,0,0,0.63,-2.38,0.01,0.96,-0.05,0.17,-0.41,0.19,0,1.46,0.68,0.0209999999999999
0,0.03,0,0,-0.29,-0.82,-0.01,0.18,0,0,-0.4,0,0,0,-1.3,1.166
0.11,0.09,0,0,0.13,-0.53,-0.01,0.33,-0.01,0.25,0.08,0,0,0.1,0.44,0.811
0.03,0.48,0,0,-0.28,-0.49,0,0.14,-0.01,0,-1.24,0,0,2.02,0.62,1.077
0.05,-0.01,0.01,0,-0.04,-0.26,-0.01,0.07,0,0.03,-0.08,0,0,0,-0.27,0.175
0,0,-0.01,0,-0.07,0.02,0,-0.02,0,0,-0.01,0,0,0,-0.08,0.013
-0.22,0.05,0.04,0,2.4,-0.78,-0.02,1.53,-0.01,-0.01,-0.13,0,0,0.13,3.21,2.153
0.01,0.03,0,0,-0.15,0.13,-0.02,-0.11,0,0.02,0.01,0,0,0.05,-0.03,0.406
-0.19,0.15,0.17,0,0.05,-0.63,-0.02,0.23,-0.01,0.14,0.75,0,0,1.15,1.98,1.596
-0.02,0.07,0.66,0,0.49,0.05,-0.01,-0.14,0.55,0.47,0.24,0.05,0.29,-2.02,0.7,0.0509999999999999
0.09,-0.65,0.03,0,0.05,0.3,0.02,-0.15,0.01,0.61,0.61,0,0,-0.62,0.22,0.045
0,0,0.01,0,-0.18,-0.5,-0.12,0.15,-0.34,0,-0.58,0,0,1.03,-0.55,0.72
-0.06,0,0.34,0,0.14,-0.89,-0.01,0.23,-0.05,-0.03,0.02,0,0.19,0,-0.06,1.958
0.02,0,0.34,0,-0.05,-0.04,0,-0.1,0.02,0.03,-0.01,0,0.19,0,0.37,0.2
0.21,0.46,0.25,0,-0.69,0.19,0,-0.32,9.74,0.04,0,0,0,0.53,10.2,8.45
-0.3,0.54,0.1,0,-0.19,-0.78,-0.09,0.23,1.01,-0.08,-0.01,0,0,0.58,1.31,0.239
-0.61,0.59,0.32,0,2.09,-1.92,-0.27,1.64,-0.33,-0.11,0.13,0,0,0.68,2.83,3.205
-0.39,0.54,0.29,0,0.61,-1.36,-0.17,0.85,-0.27,-0.1,0.19,0,0.01,0.57,1.17,0.837
-0.36,1.19,-0.36,0,-0.12,-1.69,-0.66,0.7,0.06,-1.66,-0.23,0,0.01,3.2,0.44,6.88
-0.25,1.24,-0.4,0,1.33,-3.24,-0.52,1.89,0,-1.56,-0.88,0,0.06,1.82,-0.26,3.109
-0.07,0.61,0.03,0,0.11,-0.9,-0.21,0.41,0.07,-0.57,-0.77,0,0.01,1.28,0.07,1.54
0.01,0,0.05,0,-0.86,0.24,-0.12,-0.54,-0.14,0.02,-0.44,0,0,1.03,-0.77,1.476
-0.26,0,0.03,0,0.53,-0.56,-0.18,0.5,-0.49,0.15,-0.63,0,-0.11,0.56,-0.21,3.46
-0.03,0,0.08,0,-0.14,-0.26,-0.1,0.12,-0.13,-0.02,-0.59,0,0,1.03,-0.02,0.827
-0.01,0,-0.03,0,-0.03,-0.03,-0.01,0.01,0.02,0,-0.06,0,0,0,-0.11,0.73
-0.18,0.58,-0.6,0,1.13,-2.91,-0.36,1.69,-0.05,-1.47,-1.31,0,0.06,2.43,-0.8,2.314
-0.2,0.63,-0.57,0,1.52,-3.33,-0.46,2.03,-0.05,-1.53,-1.58,0,0.07,2.46,-0.81,2.486
0.04,0.63,-0.35,0,0.3,-2.15,-0.48,1.06,-0.03,-0.88,-1.29,0,0.05,2.5,-0.64,1.003
0.09,0,-0.32,0,0.26,-2.15,-0.42,1.02,0.01,-0.39,-0.94,0,0.07,1.94,-0.93,4.176
0.01,0.09,-0.43,0,1.62,-3.3,-0.53,1.97,-0.21,-0.4,-0.99,0,0.07,1.95,-0.17,5.681
-0.14,0.03,-1.27,0.02,0.04,0.44,-0.01,0.13,-0.12,0.01,-0.09,0,-0.33,1.44,0.3,1.043
-0.51,0.08,-0.01,0,0.31,-1.31,-0.01,0.56,-0.32,0.01,-0.32,0,0,1.51,0.52,4.694
0.03,-0.02,-2.49,0.04,-0.22,0.61,0.15,-0.09,0.13,-0.15,0.37,0,-0.36,0.66,-1.38,7.087
-0.48,0.49,0.01,0,0.47,-1.19,-0.1,0.7,-0.13,-0.29,0.11,0,0,0.51,0.58,4.527
0.02,0,0.26,0,-0.38,-0.46,0.02,-0.05,3.19,0.01,-0.07,0,0,-0.02,2.49,0.135
-0.1,0.04,-0.34,0,0.38,-0.81,0.06,0.55,0.1,-0.05,0.12,0,0,0.03,0.08,4.313
-0.07,0.06,-0.32,0,1.3,-1.54,-0.04,1.1,0,0.01,0.15,0,0,0.25,0.95,3.608
-0.1,0.02,0,0,0.42,-1.05,-0.02,0.57,-0.03,0.15,-0.89,0,0,2.15,1.31,0.357
0.05,0.01,0.07,0,-0.03,-0.33,-0.03,0.13,0,0.18,0.02,0,0,0,0.02,1.382
0.07,0.02,-0.23,0,0.07,-0.74,-0.23,0.37,0.01,0.56,0.15,0,0,0.16,0.13,2.577
-0.14,0.07,0.02,0,0.14,-0.19,0,0.14,0,-0.01,0,0,0,0.05,0.21,0.655
-0.06,0.01,0,0,-0.02,0.01,0,-0.02,0.01,0.03,0.01,0,0,0,0.03,0.072
0.07,0.01,0.02,0,-0.03,0.03,0,-0.02,0,0.02,0.02,0,0,0,0.05,0.19
-0.06,0.01,-0.04,0,-0.02,0,0,-0.01,0,0.02,-0.02,0,0,0,-0.05,0.46
-0.17,-0.02,0,0,0.39,-1.43,-0.14,0.68,-0.03,0.07,0.29,0,0,0.09,-0.11,2.295
-0.26,0.1,-0.44,0,1.36,-3.54,-0.5,2,-0.05,0.18,-1.12,0,0.07,2.03,0.08,4.494
-0.14,0,0,0,0.06,-0.78,-0.06,0.24,-0.03,0.02,0.05,0,0,0.02,-0.48,0.004
-0.2,0.05,-0.5,0,1.22,-2.37,-0.51,1.6,-0.02,-1.18,-1.1,0,0.08,1.89,-0.84,3.168
0.05,-0.51,-0.5,0.06,0,-1.07,-0.45,0.6,0.04,0.17,-0.78,0,0.08,1.37,-0.98,3.149
-0.1,0.09,-0.5,0,1.27,-2.97,-0.46,1.85,-0.04,0.19,-1.52,0,0.08,1.95,-0.05,0.953
0,0.07,-0.45,0,0.7,-2.24,-0.4,1.38,-0.04,-0.16,-1.16,0,0.08,1.93,-0.28,2.039
-0.45,0.65,-0.5,0,1.68,-3.73,-0.53,2.29,-0.03,-0.94,-1.68,0,0.08,2.51,-0.19,2.611
-0.24,0.63,-0.5,0,-0.04,-2.93,-0.42,1.11,-0.05,-1.09,-0.99,0,0.08,2.44,-1.77,3.82
-0.18,0.63,-0.6,0,1.15,-2.6,-0.52,1.77,-0.04,-1.04,-1.18,0,0.11,2.5,0.17,2.283
0.11,0.12,-0.5,0,-0.63,-1.5,-0.44,0.38,0,-0.57,-0.83,0,0.08,2,-1.91,4.043
-0.16,0.63,-0.5,0,1.22,-3.01,-0.48,1.82,-0.05,-1.92,-1.39,0,0.08,2.48,-1.1,3.498
0.02,0,-0.03,0,-0.06,-0.18,-0.08,0.06,0.01,0.03,0.25,0,0,0.01,-0.01,0.329
-0.18,0,0.07,0,0.4,-1,-0.1,0.62,-0.43,0.36,-0.69,0,0.03,1.03,0.27,0.601
-1.01,-0.01,0.01,0,1.9,-0.77,-0.15,1.11,-0.51,0.14,-0.9,0,0,1.05,1.87,1.166
-0.01,0.02,0.01,0,0.24,-0.2,-0.01,0.18,0,0,0.02,0,0,0.01,0.28,0.28
0,0.03,0,0,0.47,-1.29,-0.05,0.75,-0.01,-0.01,-0.45,0,0,2.26,1.69,1.479
0.01,0.29,0.1,0,0.12,-0.45,0.1,-0.2,0.47,0.15,-0.14,0,-0.04,1.66,2.05,3.303
-0.1,0.09,-0.27,0,0.95,-2.47,-0.08,0.98,-0.17,0.2,0.41,0,0.02,1.44,1.1,5.888
-0.11,0.07,-0.27,0,-0.41,-1.9,-0.02,-0.02,-0.04,0.14,0.79,0,0.02,1.37,-0.27,7.047
0.2,-0.1,-0.76,0,-0.19,1.71,0.33,-0.89,0.21,0.07,0.76,0,-0.19,-2.1,-1.15,4.203
-0.19,-0.03,0.86,0,0.77,-0.24,-0.04,0.42,-0.11,0,-0.18,0,0.56,-1.03,0.99,5.778
-0.27,0,0.83,0,0.56,-0.24,-0.04,0.29,-0.1,0,0.46,0,0.56,-1.23,1.09,2.515
0.14,0.05,0.57,0,0.87,-0.99,-0.04,0.63,-0.23,0.03,-0.33,0,0.32,0.05,0.93,5.501
0.09,0.01,0.57,0,0.84,-0.89,-0.03,0.57,-0.13,-0.01,-0.33,0,0.32,0.02,0.94,4.921
0,-0.02,0.59,0,-0.19,-0.52,0,0,-0.05,0.03,-0.05,0,0.32,0,0.13,0.817
0.12,-0.01,0.01,0,-0.14,0.04,0,-0.1,0,0.24,0.02,0,0,0.02,0.09,0.09
0.2,0.01,0,0,-0.29,-0.36,-0.05,0.04,0,0.14,0.02,0,0,0.06,-0.42,0.688
0.3,0,0.82,0,-0.62,-0.31,0.09,-0.63,0.29,-0.01,0.73,0,0.02,0,0.38,1.9
-0.18,0.23,0.51,0,0.63,-1.19,0.06,0.37,0.23,-0.22,-0.29,0,0,0.47,0.83,1.039
-0.49,0.1,0.51,0,1,-2.14,-0.18,0.92,-0.52,0.12,-0.32,0,0,0.09,-0.42,0.779
0.02,-0.35,0.51,0,0.01,-1.1,0.09,-0.03,0.1,0.08,0.21,0,0,-0.34,-0.82,2.311
0.25,0,0.51,0,-0.7,-0.13,0.01,-0.62,0.9,0.25,1.27,0,0,-1.07,0.42,1.665
0.44,0,0.51,0,-0.88,-1.3,0.87,-0.35,0.35,0.04,0.03,0,0,0,-0.72,3.048
-0.22,0.02,0.51,0,0.21,-1.77,-0.06,0.42,-0.02,-0.04,-0.3,0,0,0.04,-0.98,2.208
0.16,0.02,0.61,0,-0.76,-1.38,-0.28,0.06,0.18,0.04,0.96,0,0.03,-1.89,-2.42,4.545
0.19,0,-0.27,0,-0.59,0.83,0.13,-0.47,1.28,0.14,1.06,0,0,0,2.1,0.0329999999999999
0.41,0,0,0,-0.72,0.61,0.04,-0.55,0.33,-1.04,0.2,0,0,-0.03,-1.16,1.555
