"backbone_vdwclash","backHbond","cis_bond","disulfide","electro","energy_ionisation","energy_solvh","energy_solvp","energy_torsion","energy_vdw","energy_vdwclash","entropy_mainc","entropy_sidec","helix_dipole","sideHbond","total","error"
-0.27,0.06,0,0,-0.05,0,0.32,-0.94,-0.68,0.38,0.01,-0.07,-0.52,-0.01,1.77,0.28,2.52
0.01,-0.26,0,0,0.12,0,-0.62,-0.54,-0.06,-0.07,-0.25,0,-0.17,0,2.96,1.12,1.12
-0.29,0.63,0,0,0,0,0.52,-0.7,-0.07,0.47,-0.23,-0.03,-0.94,0,0.63,0.28,0.08
-0.01,-0.74,0,0,-0.06,0,-0.11,-1.13,-0.11,0.19,-0.27,-0.05,-0.1,0,1.93,-0.46,2.66
-0.04,0,0,0,-0.01,0,0.2,-0.14,0.07,0.06,-0.03,0,0.06,0,-0.16,0.08,0.98
-0.27,0.01,0,0,0.29,0,2.72,-0.15,0.2,1.37,0.06,-0.06,-0.64,0.06,-1.27,2.61,0.51
-0.12,-0.02,0,0,0.06,0,0.86,0.01,0.41,0.43,0.47,-0.75,-0.6,0,0,0.86,0.0599999999999999
-0.03,0.06,0,0,0,0,2.15,-0.34,-0.02,1.07,-0.01,-0.23,-0.48,0,0.08,2.27,1.13
-0.12,-0.62,0,0,0,0,1.29,0.72,0.07,0.36,0,0,0.06,0,-0.65,1.23,1.27
-0.53,0.68,0,0,1.26,0,1.38,-2.99,0.03,1.56,-0.04,-0.34,-2.83,-0.6,2.73,0.85,0.45
-0.54,-0.75,0,0,0.9,0,0.55,-2.21,0,0.94,0.21,-0.16,-0.91,0.09,1.28,-0.06,0.35
-0.48,0.01,0,0,0.46,0,0.45,-1.5,0,0.59,0,0.25,-0.52,0.25,1.05,1.03,0.0600000000000001
-0.35,-0.84,0,0,0.89,0,0.62,-1.72,0,0.78,0,0.04,-0.74,0.09,1.5,0.6,0.05
-0.11,0,0,0,-0.05,0,2.88,-0.78,-0.07,1.82,0.01,-0.65,-1.42,0,0,1.75,1.755
0.09,0,0,0,0,0,-0.14,-0.22,-0.02,0.03,0.01,-0.01,-0.11,0,0,-0.46,0.87
-0.28,0.04,0,0,-0.06,0,3.9,-1.06,-0.03,2.35,-0.03,-0.22,-1.49,0,0,3.43,2.97
-0.13,-0.01,0,0,-0.01,0,3.34,-0.49,-0.01,1.62,0.05,-0.33,-1,0,0,3.16,1.365
-0.09,0.57,0,0,0,-0.01,0.82,-0.77,-0.02,0.61,0,-0.52,-0.94,0,0.58,0.33,0.13
-0.39,0.58,0,0,0,-0.01,1.19,-1.21,-0.02,0.9,0.01,-0.27,-0.96,0,0.58,0.8,0.8
0.16,0.56,0,0,-0.02,0,-0.66,0.03,-0.01,-0.2,0.01,-0.13,-0.44,0,0.58,-0.26,0.74
-0.14,0.09,0,0,0,0,-0.02,-0.31,0,0.12,0.03,-0.18,-0.5,0,0.33,-0.44,0.71
-0.41,0.09,0,0,0,0,0.54,-0.6,0,0.46,0.01,0.19,-0.58,0,0.33,0.44,1.22
0.36,-0.76,0,0,-0.53,0,-0.74,0.82,0.07,-0.59,0.03,0.06,0.99,0.09,-0.5,-1.05,0.87
-0.02,0.09,0,0,0,0,0.21,-0.27,0,0.15,0.02,0.22,-0.4,0,0.33,0.34,1.445
-0.42,0,0,0,-0.09,0,1.63,-0.54,-0.01,1.12,-0.06,-0.04,-1,0,0,1,1.13
0.03,0,0,0,-0.01,0,-0.14,0.04,-0.01,-0.07,0.02,0.01,-0.06,0,0,-0.21,0.51
-0.72,-0.73,0,0,-0.02,0,2.82,-1.53,-0.02,1.82,-0.07,-0.25,-0.45,0,-0.8,0.78,3.685
-0.13,-1.13,0,0,-0.09,0,1.88,0.21,0.15,0.76,1.33,-0.44,-0.44,0,-1.15,1.08,1.49
-0.72,0.49,0,0,0,-0.11,0.96,-1.22,-0.03,0.93,-0.01,-0.01,-0.88,0,0.45,0.57,1.28
-0.35,0.49,0,0,-0.01,-0.11,0.68,0.02,-0.09,0.57,-0.1,-0.34,-0.58,0,0.45,0.98,1.58
-1.03,0.49,0,0,0,-0.11,1.43,-1.76,-0.09,1.28,-1.07,-1.18,-0.9,0,0.45,-1.47,1.86
0.33,-0.78,0,0,-0.04,-0.11,0.01,0.4,-0.05,0.11,0.02,0.02,0.77,0,-0.78,-0.41,1.605
-0.15,0.32,0,0,0,-0.11,0.53,-0.46,-0.04,0.38,-0.06,-0.68,-0.35,0,0.28,-0.18,1.86
-0.35,0.49,0,0,0,-0.11,0.51,-0.67,-0.08,0.55,-0.07,-0.23,-0.07,0,-0.69,-0.36,1.96
-0.01,-0.11,0,0,0.02,-0.11,0.43,-0.47,-0.02,0.44,0.06,-0.32,0.03,0,-0.16,-0.2,1.37
-0.59,0.49,0,0,0,-0.11,1.01,-0.91,0.03,0.79,-0.11,-0.26,-0.71,0,0.45,0.67,1.61
-0.01,-1.58,0,0,-0.22,0,0.26,0.67,0.06,-0.12,-0.05,-0.02,1.33,0.01,-1.62,-1.26,1.06
0,0,0,0,0.13,0,0.01,-0.01,0,0.01,0,0.26,-0.1,0,0,0.31,0.04
-0.1,0.68,0,0,0,0,0.44,-1.77,-0.05,0.87,0.14,-0.16,-0.69,0,1.02,0.48,1.72
-0.13,0.06,0,0,-0.06,0,-0.16,-1.11,-0.01,0.29,-0.03,-0.01,-0.12,0,1.76,0.6,0.6
-0.11,0.15,0,0,-0.01,0,3.08,-0.91,0.01,1.59,-0.04,0.13,-1.29,0,0,2.7,0.8
0.1,-0.03,0,0,-0.01,0,1.24,-0.11,0.02,0.58,-0.73,-0.18,-0.66,-0.01,-0.02,0.09,1.01
-0.3,0.34,0,0,0.01,0,0.26,-0.78,-0.24,0.54,-0.67,-1.11,-1,0,1.03,-1.61,3.66
-0.32,0.34,0,0,0.29,0,0.18,-1.61,0.01,0.49,0.37,-0.08,-0.36,-2.27,-1.74,-4.38,4.46
-0.13,0.47,0,0,0.44,0,-0.49,0.03,-0.16,0.01,-0.69,-0.5,-0.31,-0.58,1.23,-0.54,0.59
-0.76,0.24,0,0,0,0,0.97,-2.66,-0.24,1.14,-0.7,-0.9,-1.09,0.04,0.83,-2.36,4.08
-0.07,0.4,0,0,-0.02,0,-0.17,0.57,-0.23,-0.21,-0.64,-0.78,-0.26,0,1.21,-0.14,1.43
-0.13,0.26,0,0,-0.12,0,-0.4,0.39,-0.24,-0.16,-0.7,-0.69,0.8,0.01,-0.66,-1.5,3.22
-0.29,-0.49,0,0,-0.01,0,0.59,-1.2,-0.23,0.46,-0.7,-0.74,-0.03,0.03,-0.53,-2.85,3.41
0.02,0.59,0,0,0,0,-0.51,0.3,-0.17,-0.02,-0.53,-0.08,-0.73,-0.04,1.4,0.21,2.1
-0.32,0.1,0,0,0.52,0,1.61,-1.31,-0.03,1.11,-0.01,0.26,-0.66,-0.1,0,1.51,1.035
-0.15,0.01,0,0,0,0,-0.05,-0.31,-0.17,0.1,-0.7,-0.2,-0.49,0,0.69,-1.12,0.71
0.19,0,0,0,0.49,0,-0.42,0.4,-0.16,-0.24,-0.7,-0.09,0.24,-0.54,-0.3,-1.33,0.93
-0.43,-0.24,0,0,-0.04,0,0.3,-1.21,-0.17,0.45,-0.7,0.31,-0.52,0.05,0.35,-1.43,1.88
-0.21,0.94,0,0,-0.09,0,0.78,-1.14,-0.01,0.64,-0.7,-0.12,-1.41,0.23,0.86,-0.01,1.26
-0.28,0.99,0,0,-0.09,0,1.59,-1.47,-0.01,1.1,-0.7,0.36,-1.51,0.23,0.86,1.35,0.455
0.04,0.33,0,0,-0.09,0,-0.08,-0.69,0.04,0,-0.7,0.09,-0.18,0.23,0.27,-0.79,0.79
-0.02,0.27,0,0,-0.09,0,1.06,-0.25,0.28,0.41,-0.11,0.08,-0.88,0.23,-0.85,0.15,1.08
-0.17,0.07,0,0,0,0,0.72,-0.4,-0.01,0.51,0,-0.18,-0.5,0,0,0.2,0.3
-0.5,0.11,0,0,0,0,1.15,-0.85,-0.02,0.85,0,0.29,-0.51,0,0,1.02,0.04
-0.09,-0.54,0,0,0,0,0.92,-0.03,-0.01,0.42,0,0.02,0.04,0,-0.63,0.18,0.037
0.21,-0.14,0,0,0,0,-0.47,0.06,0.18,-0.38,0.05,0.6,0.46,0,-0.14,0.23,0.77
0.07,0,0,0,0.08,0,0.04,0.13,0,-0.03,0,0.24,0.09,0.66,0,1.23,0.53
0.18,0,0,0,0.09,0,-0.2,0.25,0,-0.18,0,0.11,0.05,0.4,0,0.53,0.07
0.52,-0.51,0,0,0,0,-0.74,1.19,0.06,-0.81,0,0.58,0.9,0,-0.52,0.16,0.54
-0.12,0,0,0,0,0,0.33,-0.88,0.01,0.23,0.01,0.46,-0.04,0,0,0.11,0.79
0.27,-0.84,0,0,-0.1,0.25,-0.09,0.61,0,-0.2,0,0.71,0.88,-0.51,-0.88,-0.15,0.95
0.48,0,0,0,0,0,-0.62,0.63,0.69,-0.48,0.05,0.44,0.27,0,0,0.99,0.19
0.37,0,0,0,-0.04,0,-0.85,0.46,0.22,-0.53,0.03,0.27,0.54,-0.19,0,-0.08,0.28
0.51,-0.41,0,0,0,0,-0.61,0.9,0.13,-0.62,0.26,0.17,0.65,0,-0.41,0.05,0.25
0.39,0,0,0,0,0,-0.76,0.53,0.02,-0.5,0.01,0.39,0.32,0,0,0,0.3
0.22,-0.59,0,0,0,0,-0.08,0.4,0,-0.18,0,0.42,0.7,0,-0.63,0.04,0.66
-1.38,0.76,0,0,0,0,-0.79,0.21,0,-0.44,2.75,-0.75,0.36,0.1,0,2.2,1.9
0.25,-0.38,0,0,0,0,-0.07,0.32,0.01,-0.13,0,0.22,0.43,0,-0.39,0.02,0.48
0.52,-0.86,0,0,-0.12,0,-0.52,1,0.07,-0.63,0.01,0.24,1.68,-0.2,-0.88,-0.2,0.3
0.23,-0.63,0,0,0,0,0.04,0.29,0.01,-0.16,0,0.21,0.56,0,-0.63,-0.31,0.71
0.12,-0.16,0,0,0,0,0.06,0.28,0.39,-0.07,0,0.32,0.37,0,-0.32,0.86,0.0599999999999999
0.37,0,0,0,0,0,-0.49,0.47,0.83,-0.36,0.04,0.36,0.2,0,0,1.06,0.16
0.48,-0.04,0,0,0,0,-0.68,0.73,0,-0.6,0.05,0.64,0.31,0,0,0.4,0.6
0.46,-0.59,0,0,0,0,-0.56,0.8,0.05,-0.59,0,0.57,0.84,0,-0.6,-0.07,0.87
0.12,-0.53,0,0,0,0,0.79,-0.03,-0.02,0.24,0.04,0.05,0.39,0,-0.53,0.4,0.9
0.15,0,0,0,0,0,-0.35,0.39,0,-0.26,1.42,1.83,0.01,0,0,3.03,0.0900000000000003
0.21,-0.02,0,0,-0.08,0,-0.48,0.58,0.01,-0.38,1.46,1.84,0.14,0.15,0,3.22,0.17
0.23,-0.02,0,0,-0.01,0.05,-0.47,0.68,0.01,-0.4,1.5,1.87,0.07,0.01,0,3.3,0.5
0.19,-0.02,0,0,0.01,0,-0.82,0.74,0.13,-0.59,1.48,1.87,0.24,-0.04,0,3.01,0.11
0.23,-0.03,0,0,0,0,-0.55,0.64,0.04,-0.43,1.47,1.85,0.14,0,0,3.13,0.38
0.35,-0.72,0,0,-0.03,0,-0.84,0.92,0.09,-0.67,1.82,2.28,0.98,-0.11,-0.72,3,0.58
0.25,0,0,0,0,0,-0.2,0.38,0,-0.24,1.42,1.82,0.08,0,0,3.26,0.0599999999999996
0.25,-0.03,0,0,0,0,-0.52,0.69,0.82,-0.43,2.16,1.87,0.11,0,0,4.66,1.29
-0.09,0.01,0,0,0,0,0.72,-0.48,-0.01,0.5,0.01,0.86,-0.56,0,0.01,1.05,0.25
-0.08,0,0,0,0,0,0.6,0.27,-0.01,0.24,0.01,0,0.87,-0.01,-1.69,0.28,0.82
-0.05,0.27,0,0,0.01,0,0.16,1.13,-0.09,0.18,0,-0.43,-0.24,0.09,0.26,1.37,1.13
0.01,0,0,0,-0.05,0,-0.37,0.56,0.08,-0.3,0,-0.04,0.7,0.02,-1.03,-0.42,0.32
-0.76,0.04,0,0,0,0,1.97,-1.26,-0.12,1.25,0,-0.59,-0.5,0,0.03,0.82,0.98
-0.34,-0.26,0,0,0,0,1.34,0.51,-0.06,0.43,0,-0.12,0.06,0,-0.3,1.6,0.8
-0.24,0.07,0,0,0,0,1.86,-0.73,-0.13,1.08,-0.09,0.51,-0.72,0,0,1.86,0.46
0.03,0.01,0,0,0,0,0.66,-0.1,0.23,0.34,0.1,0.08,-0.31,0,0,1,0.4
-0.25,-0.46,0,0,0.7,0,3.55,-2.18,0.06,2.07,-0.02,0.06,-0.69,0.04,-0.78,2.36,2.34
-0.13,0.12,0,0,0.02,0,1.31,-0.36,-0.15,0.7,0.01,-0.09,-0.57,0,0,0.99,0.84
0.14,0.08,0,0,-0.03,0,-0.97,0.54,0,-0.56,7.18,-0.13,0,0,0.14,6.26,0.96
0.22,-0.02,0,0,-0.01,0,-2.66,1.14,0.08,-1.43,19.61,0.74,0.43,0,0.07,17.96,9.56
0.12,0.03,0,0,-0.01,0,-0.71,0.5,-0.21,-0.44,1.44,1.79,-0.03,0,0.2,2.57,0.83
0.2,0.01,0,0,-0.03,0,-1.78,1.22,0.93,-1.1,2.92,1.8,0.46,0,0.15,4.59,3.21
-0.24,0.8,0,0,0.31,0,0.4,-2.12,-0.22,0.62,-0.44,-0.61,-1.14,0.52,1.52,-0.36,3.51
-0.08,-0.08,0,0,0.53,0,-0.08,-1.12,-0.01,-0.03,0.01,0.15,0.2,0.49,-0.09,-0.02,2.535
-0.02,0.08,0,0,0,0,1.53,-1.14,-0.18,1.08,-0.02,-0.22,-0.75,0,0,0.38,0.72
-0.01,0.09,0,0,-0.01,0,1.78,-1.41,-0.17,1.29,-0.02,0.08,-0.8,0,0,0.83,2.27
0,0.05,0,0,0,0,1.14,-0.61,-0.11,0.73,-0.02,-0.22,-0.45,0,0,0.51,0.09
0.02,0.03,0,0,0,0,0.82,-0.45,-0.07,0.53,-0.02,-0.19,-0.34,0,0,0.31,0.01
-0.24,0.68,0,0,0,0,0.85,-1.95,-0.13,1.13,0.15,-0.01,-0.74,0,0.73,0.73,1.97
-0.07,-0.05,0,0,-0.02,0,0.16,0.93,-0.06,0.23,0,0.26,-0.24,0,-0.03,1.2,1.7
-0.38,0.73,0,0,0,0,0.56,-1.36,-0.09,0.73,0.03,0.03,-1.15,0,0.76,0.23,1.67
-0.11,-0.1,0,0,-0.11,0,0.26,0.01,0.06,0.09,0,0.08,-0.18,0,0.17,0.29,0.16
0.01,0,0,0,0,0,-0.05,0.37,-0.01,-0.15,0.01,0,0.01,0,0,0.18,0.68
0,0,0,0,0.51,0,0.95,-1.41,-0.02,0.76,0.19,-1.54,-0.73,0,0.42,-0.88,0.68
-0.07,-0.3,0,0,1.17,0,-0.33,-0.12,-1.01,0.53,0.05,-0.12,0.04,0,0.33,0.23,2.9
0.03,0.53,0,0,1.76,0,-1.05,-2.65,-1,0.36,0,0.25,-0.48,0,1.23,-1.05,3.54
-0.19,-0.03,0,0,1.92,0,2.72,-3.9,-0.89,2.48,0.18,-0.14,-1.53,0,0.82,1.63,1.09
-0.28,0.49,0,0,0,0,0,-0.09,0,0.24,0.01,0.01,-0.53,0,0.48,0.59,1.697
0.09,-0.82,0,0,0.27,0,-0.37,0.6,0.05,-0.21,1.08,0.01,0,-2.87,-0.8,-3.06,2.95
0.3,-1,0,0,0.08,0,-0.9,1.9,0.01,-0.67,0.05,-0.04,1,-0.99,-0.88,-1.42,1.69
-0.65,0.49,0,0,0,0,0.3,-1.16,-0.01,0.48,0,0.21,-0.53,0,0.48,0.27,1
0.06,-0.07,0,0,0,0.05,-0.5,1.02,0,-0.37,0.01,0.14,0.31,0,0,0.59,1.515
0.09,0.08,0,0,0,0,-0.37,0.19,0,-0.23,0.13,-0.07,0.16,0,-0.67,-0.79,2.06
-0.41,0.47,0,0,0,0,-1.09,-0.29,0.01,-0.33,1.19,0.11,-0.19,0,0.48,0.34,2.74
0.11,0.47,0,0,0,0,-0.4,0.92,0,-0.27,0.01,-0.14,1.02,0,-0.78,0.83,1.04
-0.15,-0.26,0,0,0,0,0.13,-0.4,0.42,0.11,0,-0.25,0,0,-0.23,-0.48,0.7
-0.35,1.06,0,0,0.23,0,2.55,-2.34,-1.07,2.07,-0.06,0.29,-2.06,-0.08,0.73,1.33,1.17
-0.3,-0.48,0,0,0.87,0,0.99,-3.03,-0.01,1.09,-1.5,-0.18,-1.53,0.12,2.59,-1.07,3.57
-0.32,0.01,0,0,0.66,0,1.71,-2.91,-0.05,1.45,-1.54,-0.17,-1.56,0.07,3.03,0.7,4.7
0,-0.55,0,0,3.32,0,-0.04,-0.73,0,-0.15,-1.12,0.29,0.18,0.08,0.51,1.79,3.11
-0.65,0.05,0,0,0,0,3.41,-1.27,-0.01,1.85,-0.3,0.22,-0.96,0,0.02,3.01,1.11
-0.21,0.01,0,0,-0.01,0,0.92,-0.2,0.04,0.46,-0.12,-0.21,-0.54,0,0,0.36,0.44
-0.33,0,0,0,-0.02,0,0.4,-1.07,-0.05,0.54,0.19,0.89,-0.69,0,1.75,1.94,0.34
-0.07,0.63,0,0,-0.02,0,-0.12,-0.75,0,0.24,0.04,-0.1,-0.11,0,0.63,0.44,1.01
0.04,0.33,0,0,0,0,-0.09,0.19,0,-0.1,0,0.05,-0.38,0,0.37,0.38,0.68
0.01,0.08,0,0,0.07,0,0.81,-0.7,0.05,0.77,-0.05,-0.15,-0.01,-0.02,0,0.86,3.74
-0.03,-0.38,0,0,1.4,0,0.18,-1.68,-0.16,0.92,-1.05,-0.41,-1,-0.03,3.16,0.96,3.17
-0.12,-0.5,0,0,2.22,0,0.37,-1.79,-0.12,0.82,-0.62,0.23,-0.17,-0.07,-1.13,-0.76,2.575
-0.36,1.04,0,0,-1.91,0,0.8,-1.98,0.06,1.13,0.92,0.02,-0.75,0.01,2.56,1.91,0.0900000000000001
0.03,0,0,0,-0.01,0,-0.18,-0.21,0,0.04,0.03,0.35,-0.14,0,0,-0.13,0.25
-0.18,0.11,0,0,0,0,3.07,-0.46,-0.03,1.47,-0.05,0.39,-0.99,0,0,3.52,0.685
-0.23,0.21,0,0,-0.01,0,4.11,-0.67,-0.03,2,-0.06,0.66,-1.02,0,0,5.2,2.2
-0.04,0.09,0,0,0,0,-0.04,-0.23,-0.03,0.03,0.07,0.05,0,0,0,-0.06,0.36
-0.12,0,0,0,0,0,1.02,-0.16,0.08,0.49,-0.03,-0.06,-0.53,0,0,0.81,0.56
-0.18,-0.88,0,0,0.27,0,4.3,-1.18,0.03,2.26,-1.91,0.75,-0.95,0,-0.32,2.37,4.63
-0.06,-1.55,0,0,0.14,0,2.27,0.07,0.16,0.88,-0.81,-0.62,-0.41,0,-2.11,-1.97,4.47
-0.08,-0.7,0,0,0.01,0,1.15,-0.4,0.03,0.63,-0.77,-0.47,-0.53,0,-0.58,-1.62,1.92
-0.45,-0.3,0,0,0.83,0,0.38,-1.8,0,0.76,-0.01,-0.16,-1.09,0.46,2.03,1.11,0.315
-0.63,-0.88,0,0,0.82,0,0.56,-2.03,0,0.9,0.31,0.31,-0.77,0.47,1.16,0.86,0.31
-0.02,0,0,0,0.42,0,0.21,-0.36,0,0.15,0,-0.04,0.01,0.63,-0.01,1.01,0.04
-0.14,1.05,0,0,0.03,0,-0.5,-0.61,-0.25,0.28,-0.04,0.23,-0.58,0,2.85,2.47,0.99
-0.05,0.56,0,0,0.03,0,-0.07,-0.67,0,0.26,0,-0.07,-0.54,0,0.56,0.07,2.745
0.05,-0.03,0,0,2.58,0,0.31,-1.89,-0.03,0.33,0.01,-0.18,-0.23,0,1.59,2.46,1.65
-0.68,-0.01,0,0,0,-0.01,1.7,-0.92,-0.13,1.11,-0.09,-0.6,-0.15,0,-0.02,0.88,0.05
-0.73,-0.06,0,0,0,-0.03,0.76,-0.95,0,0.9,-0.09,-0.4,0.05,0,0,0.17,0.793
-0.69,0,0,0,0,-0.01,1.84,-0.78,-0.02,1.15,-0.08,-0.6,-0.19,0,0,1.3,0.17
-0.36,0.06,0,0,0.49,0,2.27,-2.21,-0.09,1.57,-0.02,0.85,-0.78,0,0.03,2.18,2.52
-0.21,0.06,0,0,0,0,3.55,-0.64,-0.04,1.77,-0.03,0.71,-1.08,0,0,4.3,0.838
-0.34,0.18,0,0,0,0,4.69,-1.23,-0.04,2.41,-0.04,1.12,-1.14,0,0,5.94,0.24
-0.09,0,0,0,-0.01,0,1.31,-0.26,-0.04,0.66,-0.02,-0.15,-0.59,0,0,0.91,0.11
-0.23,0.29,0,0,0.03,0,3.76,-2.19,-0.02,2.46,-0.03,0.45,-1.72,0,1.09,4.12,2.48
-0.21,-0.04,0,0,-1.88,0,-0.81,-2.7,-0.07,0.39,2.41,-0.72,-0.92,0,4.27,-0.06,2.76
-0.29,0.06,0,0,-0.46,0,0.42,0.16,0,0.19,0.03,-0.12,0.02,0.2,-0.28,0.23,0.495
-0.49,0.1,0,0,-0.16,0,0.76,-0.63,0.01,0.54,0,0.35,-0.24,0.2,0,0.93,0.005
-0.04,0.15,0,0,0,0,3.25,-0.21,-0.02,1.52,0,-0.16,-1.2,0,0,3.35,1.55
-0.15,0.03,0,0,0,0,-0.36,-0.1,0.04,-0.16,0.05,-0.08,-0.08,0,0,-0.67,1.27
0.03,0,0,0,0,0,-0.17,0.04,-0.01,-0.28,0.01,0.31,0.45,0,0,0.35,0.75
-0.38,0.14,0,0,1.14,-0.04,2.57,-2.85,-0.01,2.14,-0.04,-0.22,-1.09,-0.55,0.36,1.57,0.17
-0.1,0.37,0,0,0,-0.07,0.51,-0.8,0,0.52,0,-0.53,-0.76,0,0.36,-0.38,0.18
-0.38,0.76,0,0,0.48,-0.03,0.53,-2.96,-0.02,1.35,0.01,-0.2,-0.76,-0.23,0.57,-0.49,0.79
-0.58,0.31,0,0,0,0,2.67,-0.81,0.01,1.44,-0.01,-0.15,-1.21,-0.03,0,2.23,1.83
-0.05,0.02,0,0,0.06,0,1.21,2.6,0,0.44,0.09,-0.18,0.74,-0.05,0,4.93,3.53
0.17,-0.06,0,0,-0.02,0,-0.48,0.51,0,-0.35,0.03,-0.47,0.06,0,0,-0.78,0.32
0.33,0.3,0,0,-0.46,0,-1.51,2.94,0.28,-1.24,7.29,0.24,1.64,0.28,0.45,10.2,8.8
0.34,-0.28,0,0,-0.06,0,-2.33,1.52,0.14,-1.36,9.64,0.14,0.96,0,0.04,8.41,7.81
-0.14,0.16,0,0,0,0,3.81,-0.21,0,2.01,0,-0.31,-1.36,0,0,4.1,2.633
0.01,-0.11,0,0,-0.09,0.01,-0.43,0.4,0.27,-0.33,1.17,0.25,0.19,0,-0.01,1.32,0.18
-0.03,-0.02,0,0,0.02,0,-0.71,-0.12,0,-0.5,0.02,0.16,0.3,0,0,-0.86,1.66
-0.11,-0.05,0,0,-0.04,0.01,0.81,0.1,0.05,0.33,1.31,0.16,-0.54,0,-0.01,2.14,0.0600000000000001
-0.29,0.09,0,0,0.06,-0.02,1.57,-1.02,0,0.99,0,-0.13,-0.77,0,0,0.77,1.03
-0.4,0.12,0,0,0.02,-0.04,2.45,-0.83,-0.02,1.32,0,-0.23,-0.46,0,0.01,2.34,1.64
-0.49,0.12,0,0,0.25,-0.02,0.79,-0.88,-0.01,0.65,0.04,-0.17,-0.69,0,0.03,0.09,0.565
-0.02,0.18,0,0,-0.01,-0.05,2.79,-0.26,-0.09,1.36,0.12,-0.16,-1.13,0,0,2.76,1.26
0.06,0,0,0,0,0.04,-0.23,-0.01,-0.06,-0.12,0.01,-0.08,0.05,0.01,0,-0.4,0.2
0.01,0.01,0,0,0.01,0.05,-0.74,0.21,-0.06,-0.59,0.11,0.31,0.41,0,-0.01,-0.3,0.6
0.08,-0.06,0,0,0,-0.01,0.87,-0.08,0.07,0.41,0,0.02,-0.55,0,0,0.69,0.59
-0.5,0.2,0,0,0,0,1.92,-0.79,-0.01,1.09,-0.04,0.14,-0.75,0,0,1.76,0.16
0.14,-0.05,0,0,-0.01,0,2.6,-0.24,0.1,1.36,0.01,-0.1,-0.26,0.03,0,3.45,2.717
-0.1,0.04,0,0,0.13,0,0.51,-0.14,-0.03,0.29,0,0.14,-0.24,-0.01,0,0.69,0.09
-0.12,0.24,0,0,0.45,-0.03,0.33,-2.21,-0.02,0.94,0.83,-0.47,-0.32,0.24,0.26,0.24,0.86
-0.17,0.14,0,0,0,0,3.12,-0.23,-0.01,1.45,0,-0.2,-1.05,0,0,3.21,1.91
-0.01,0,0,0,0,0,-0.3,-0.01,0.14,-0.13,1.36,-0.08,0.19,0,0,1.19,0.59
-0.03,0.01,0,0,0,0,-0.43,-0.01,-0.01,-0.4,0,0.1,0.28,0,-0.04,-0.5,1.1
0.11,-0.02,0,0,0,0,1.11,0.04,0.03,0.47,0.02,0.02,-0.54,0,0,1.13,1.13
-0.51,0.32,0,0,0,0,2.71,-0.62,0,1.4,0,-0.13,-1.1,0,0,2.59,0.19
-0.25,0.16,0,0,0.03,0,0.11,-0.19,0,0.1,3.27,0.07,0,0,0,3.55,2.45
-0.08,0.07,0,0,0,0,-0.49,-0.09,0,-0.42,0,0.18,0.37,0,0,-0.36,0.26
-0.22,0.1,0,0,0,0,0.77,-0.48,0.06,0.38,1.36,0.1,-0.42,0,-0.01,1.86,0.16
-0.07,0.06,0,0,0.01,-0.08,0.38,-0.41,0.02,0.36,0.68,0.4,0.89,0,-1.27,1.03,0.497
0,0.02,0,0,0.19,0,0.17,-0.16,0,0.13,0,-0.21,-0.27,-0.23,0,-0.35,0.525
0.02,0,0,0,0,0,-0.54,-0.12,0.46,-0.23,0.55,0.26,0,0,0,0.37,0.43
-0.07,0.9,0,0,-0.06,0,0.3,-0.65,0,0.31,0,-0.13,-0.97,0.87,0.87,1.46,0.835
-0.33,0.62,0,0,0.02,0,0.35,-0.39,-0.1,0.48,0,-0.07,-0.58,0,0.61,0.96,0.44
-0.3,0.13,0,0,0.1,0,1.18,-0.6,-0.02,0.72,-0.02,-0.21,-0.65,-0.03,0,0.59,0.365
-0.15,0.01,0,0,0.82,0,0.34,-1.67,0,0.51,-0.03,-0.31,-1.54,0.57,1.23,-0.08,0.205
-0.47,0.15,0,0,0,0,1.03,-0.6,-0.01,0.65,0,-0.22,-0.44,0,0,0.56,1.36
-0.17,-0.02,0,0,0,0,0.02,-0.35,0,0.12,0,-0.18,-0.12,0,0,-0.53,0.83
-0.24,0.06,0,0,0,0,0.63,0.04,0.01,0.26,0,0,-0.1,0,0,0.91,0.51
-0.58,0.26,0,0,0,0,3.29,-0.66,-0.01,1.68,0.01,-0.15,-1.06,0,0,3.36,2.16
-0.08,0,0,0,0,0,-0.1,0.15,1.05,-0.11,0.29,0.25,0.02,0,0,1.55,1.55
-0.15,0.04,0,0,0,0,-0.55,-0.08,-0.01,-0.45,0.01,0.16,0.45,0,0,-0.43,0.43
-0.23,0.1,0,0,0,0,1.29,-0.06,0.97,0.58,0.25,0.16,-0.58,0,0,2.71,2.61
-0.23,0.01,0,0,0,0,1.13,-0.31,0,0.63,0,-0.2,-0.83,0.27,0,0.7,0.665
-0.5,0.03,0,0,0.08,-0.02,1.11,-0.86,0.02,0.88,-0.02,-0.01,0.05,0.01,0,1.26,0.627
0.5,0.77,0,0,0.01,0,0.92,-1.47,-0.02,0.76,-0.02,0.79,-1.05,0.7,0.78,2.18,2.78
-0.53,0.55,0,0,0,0,0.61,-0.8,-0.05,0.55,0,-0.18,-0.84,0,0.47,0.33,1.31
-0.96,0.63,0,0,0,0,0.96,-1.21,-0.05,0.84,0,0.29,-0.88,0,0.47,1.07,0.505
-0.87,0.08,0,0,0.01,0,1.96,-1.22,0,1.18,-0.07,-0.14,-0.81,0,0,0.99,0.59
-0.17,1.23,0,0,0,0,2.65,-1.55,-1.44,2.04,0.08,-0.6,-0.96,0,1.17,2.61,0.22
-0.65,0.79,0,0,0,0,1.06,-1.88,-0.04,1.24,6.59,-1.38,-0.55,0,0.72,6.53,6.31
-0.01,0.37,0,0,0.03,0,1.28,0.17,0,0.65,0,-0.24,-0.01,0,0.39,2.63,0.19
0.09,-0.36,0,0,0,0,0.47,0.99,0,-0.22,0,0.21,0.51,0,-0.37,1.21,0.16
-0.26,-0.4,0,0,0,-0.12,2.03,-2.32,-0.1,1.6,0,-0.39,-1.96,0,3.07,1.41,0.62
0.2,0,0,0,0.01,-0.12,-1.23,-0.07,-0.01,-0.64,0.1,-0.01,0.17,-0.02,0.22,-1.61,3.33
0.1,0.06,0,0,-0.36,-0.12,-1.07,-0.52,0.01,-0.44,0.05,-0.51,0.09,-0.03,0.1,-2.75,2.94
-0.29,0,0,0,-0.67,-0.01,0.93,-0.24,0,0.45,0,-0.13,-0.02,0.08,0.05,0.42,0.23
-0.21,-0.73,0,0,0.14,0.21,1.04,-0.25,0.01,0.5,0,-0.01,0.36,-0.1,-0.65,0.53,1.92
-0.44,-0.83,0,0,0.02,-0.07,1.32,-1.58,0.16,0.86,0,-0.28,0.32,-0.09,-0.3,-0.48,0.05
-0.39,0,0,0,0.49,0,0.45,-1.46,-0.01,0.54,-0.01,-0.09,-1.7,0,1.72,-0.07,0.72
-0.39,0,0,0,0.19,0,0.52,-1.52,0.15,0.59,-0.01,-0.38,-1.7,0.02,1.72,-0.43,2.23
-0.39,0,0,0,0.19,0,0.45,-1.47,-0.01,0.54,-0.01,-0.09,-1.65,0.02,1.72,-0.31,0.91
-0.35,0.5,0,0,0,0,0.34,-0.72,0,0.38,0,0.14,-0.72,0,0.5,0.42,0.54
0.03,-0.36,0,0,0,0.06,1.73,0.45,0.08,0.82,0,0.31,-0.21,0,-0.22,2.65,2.05
0.19,-1.14,0,0.61,-0.05,-0.07,0.08,1.23,0.05,-0.16,0.47,0.54,0.77,0,-0.95,1.38,0.21
-0.33,0.94,0,0,0,-0.32,1.59,-2.26,-0.01,1.29,-0.01,-0.57,-1.19,0.69,0.96,1.1,1.03
0.14,0.94,0,0,0.01,-0.32,-1.19,-1.53,0,-0.44,0.01,-0.02,0.07,0.69,0.96,-0.83,0.76
-0.09,0.55,0,0,0,0,0.91,-1.89,-0.11,0.99,-0.95,-0.49,-1.49,0,1.58,-0.92,1.85
-0.1,0.54,0,0,-0.07,0,1.26,-2.45,-0.1,1.27,-0.95,0.5,-1.59,0,1.58,-0.02,1.17
-0.08,0.55,0,0,0,0,0.75,-1.47,-0.11,0.75,-0.95,-0.8,-0.64,0,0.39,-1.55,1.79
-0.63,0.66,0,0,0,0,1.74,-2.51,-0.05,1.68,0.04,0.29,-1.78,0,0.58,0.65,0.24
-0.24,0.07,0,0,0,0,0.7,-0.21,-0.02,0.33,0,0,-0.21,0,0.01,0.65,0.28
-0.4,-0.11,0,0,-0.06,0,2.19,-0.91,-0.01,1.14,0.39,-0.27,-0.65,0.02,0.03,1.75,1.335
0.47,-1.21,0,0,-0.04,0,-1.09,1.27,3.06,-1.19,7.51,0.19,0.49,0.01,-1.2,7.77,6.12
-0.16,-0.25,0,0,-0.02,0,1.31,0.39,-0.01,0.37,0.01,-0.04,0.05,0,-0.28,1.54,1.25
0,-0.27,0,0,0.43,0,0.16,-0.23,-0.36,0.07,0.1,0.16,-0.63,-0.26,1.35,0.52,0.448
0,-0.29,0,0,0.43,0,0.17,-0.24,-0.28,0.08,0.09,0.16,-0.62,-0.26,1.33,0.55,0.477
0.65,-0.45,0,0,0.03,0,0.49,-0.29,-0.03,0.34,0,1.81,-0.11,-0.03,-0.58,1.17,1.07
0.08,-0.04,0,0,0,0,-0.71,0.65,0.01,-0.47,2.94,1.3,0.07,0,0,3.75,3.13
-0.4,0.02,0,0,0,0,3.61,-0.68,0.01,1.84,0.01,-0.43,-1.02,0,-0.15,3.19,2.26
0.03,0.01,0,0,0,0,1.3,-0.21,0.21,0.61,0.01,0.06,-0.53,0,0.01,1.46,0.61
-0.26,0,0,0,0,0,0.34,-0.45,0,0.28,0,-0.3,-0.17,0,0,-0.33,0.03
-0.12,-0.55,0,0,0.28,0,0.2,-0.63,0.7,0.13,0,-0.07,0.3,-0.75,-0.55,-0.97,0.8
0.18,0,0,0,-0.05,0,-0.35,0.23,0,-0.22,0,0.24,0.13,0,0,-0.04,0.09
-0.41,0,0,0,0,0,0.61,-1.4,-0.01,0.51,0,0.18,-0.24,0,0.01,-0.36,0.12
0.16,0,0,0,0.01,0,-0.63,0.4,0.05,-0.4,0.03,0.1,0.33,0,0,-0.13,0.73
0.05,0,0,0,0.01,0,-0.52,0.17,0,-0.33,0.01,-0.16,0.33,0,0,-0.5,0.43
0.24,-0.04,0,0,0,0,-0.43,0.21,0.01,-0.27,0,0,0.16,0,0,-0.38,0.15
-0.08,0,0,0,0,0,0.17,-0.79,0,0.13,0,0.12,-0.11,0,0,-0.51,0.44
-0.81,0,0,0,0,0,0.05,-0.48,0,0.1,0,-1.55,-0.08,0,0,-1.98,1.48
-0.01,0,0,0,-0.53,0,0.1,-0.1,0.07,0.06,0,-0.06,0.09,0.22,0,-0.17,0.72
0.21,-0.02,0,0,-0.05,0,-0.37,0.14,0.04,-0.25,0.09,0.24,0.16,0,0,-0.04,0.18
0,0,0,0,0,0,0.09,-0.11,0,0.08,0.03,0.34,-0.1,0,0,0.32,0.51
0,0,0,0,0,0,0.3,-0.29,-0.67,0.22,0,0.16,-0.16,0,0,-0.46,0.41
0.09,0.21,0,0,1.02,0,-0.07,-0.3,0.06,-0.08,-0.01,0.15,-0.04,0.02,-0.03,0.92,0.837
-0.37,0.06,0,0,0.02,0,1.7,-1.14,-0.01,1.16,0,0.12,-0.75,0.05,0.02,1.21,0.385
0.03,-0.02,0,0,-0.01,0,-0.15,-0.47,0,0.12,-0.04,0.01,-0.13,0,0.96,0.24,0.12
-0.81,0.07,0,0,0,0,1.77,-0.84,0,1.06,0,0.3,-0.5,0,0,1.85,0.39
0.03,0,0,0,0,0,-0.21,0.21,0,-0.17,1.38,1.22,0.05,0,0,2.48,1.93
-0.2,0.14,0,0,0.1,0,-0.13,0.01,0.13,-0.04,1.66,1.2,-0.12,-0.11,-0.01,2.81,2.95
-0.31,0.28,0,0,-0.22,0,1.75,-0.37,0.02,1,-0.04,-0.09,-0.33,-0.05,-0.58,1.35,0.37
0.3,0,0,0,-0.01,0,-0.31,0.58,0.03,-0.27,1.56,1.07,0,0.01,0,2.64,1.25
0.03,0.2,0,0,0.16,0,-0.17,-0.18,0.04,-0.16,0.04,0.44,0.17,0.08,0.21,0.83,0.285
0.13,0.01,0,0,0,0,-0.31,0.52,0,-0.25,1.42,2.11,0,0,0,3.48,1.71
-0.01,0.06,0,0,0.67,0,1.33,-1.47,-0.01,1,0,-0.13,-0.88,-0.03,0.26,0.78,0.18
-0.01,-0.05,0,0,0.58,0,-0.69,0.17,0.02,-0.52,0,0.1,0.02,-0.03,0.25,-0.17,0.29
0.09,-0.03,0,0,-0.05,0,-0.44,-0.47,0,-0.03,0.08,-0.01,-0.85,0.02,1.41,-0.39,0.89
-0.16,-0.33,0,0,-0.25,0,0.69,-1.19,0.22,0.67,0.34,-0.2,-0.7,0.22,-0.21,-0.77,0.55
-0.24,-0.27,0,0,-0.26,0,1.61,-1.59,-0.02,1.23,0.03,-0.37,-0.7,0.2,-0.21,-0.37,0.78
0.03,0,0,0,0,0,-0.09,0.2,0,-0.09,1.41,1.25,0.01,0,0,2.67,0.88
-0.18,-0.73,0,0,0.01,0,2.97,-0.23,-0.02,1.31,0,0.67,-0.05,-0.05,-0.75,3.12,0.58
-0.15,0.01,0,0,0,0,1.47,-0.38,0.06,0.75,0,-0.06,-0.55,0,-0.03,1.26,0.875
-0.08,0.01,0,0,0,0,0.34,-0.4,-0.04,0.29,-0.03,0.52,-0.12,0,0,0.54,0.97
-0.08,0.02,0,0,-0.14,0,0.24,-0.2,-0.01,0.18,-0.03,-0.08,0.21,-0.02,0,0.15,1.29
0.07,-0.07,0,0,0,0,-1.02,0.79,-0.02,-0.74,0.06,0.47,0.38,0,0,-0.16,1.02
-0.09,0,0,0,0.01,0,0.79,-1.09,-0.01,0.66,0.02,0.27,-0.2,0,-0.02,0.41,1.89
-0.02,-0.01,0,0,0,0,-0.35,0.19,-0.03,-0.21,0.01,0.02,0.11,0,0.01,-0.28,0.82
0.06,-0.01,0,0,0,0,-0.74,0.42,-0.02,-0.43,0.06,0.19,0.23,0,0.01,-0.3,0.35
0.17,0,0,0,0,0,-0.61,0.33,-0.03,-0.36,0.06,0.51,0.2,0,0,0.09,0.22
0.08,-0.83,0,0,0,0,-0.07,0.54,-0.02,-0.28,0.04,0.07,0.56,0,-0.79,-0.8,2.14
0.22,-0.87,0,0,0.18,0,-0.42,0.68,0.04,-0.48,0.08,0.51,1.03,-0.09,-0.87,-0.22,0.6
-0.08,0.01,0,0,0,0,0.48,-0.35,-0.04,0.3,-0.03,0.38,-0.06,0,0,0.67,0.74
-0.08,-0.04,0,0,0.04,0,-0.28,0.33,0.01,-0.25,0,0.43,0.14,0,0,0.36,0
0.21,-0.05,0,0,0,0,-3,0.47,0.28,-1.43,4.66,0.13,0.95,0,0,1.99,1.89
0.01,-0.67,0,0,0,0,0.6,0.96,0,-0.17,0.01,0.2,0.53,0,-0.72,0.71,0.38
0.15,-0.05,0,0,-0.15,0,-1.75,-1.43,0,-0.52,2.62,0.01,-0.01,-0.21,0,-1.5,2.03
0.18,0.01,0,0,0,0,-0.17,0.38,0.03,-0.16,1.49,1.35,0.02,0,0,2.92,2.63
0.46,-0.57,0,0,0,0,-0.49,0.9,0.04,-0.5,1.72,0.95,0.8,0,-0.55,2.29,2.03
-0.76,0.13,0,0,-0.17,0,3.41,-2.14,-0.04,2.53,0.27,0.37,-2.26,0,1.58,3.65,1.16
0.08,-0.01,0,0,-0.28,0,0.05,-1.27,-0.15,0.48,0.28,0,-1.22,0.03,1.58,-0.53,0.72
-0.59,-0.99,0,0,-0.45,0,4.17,-1.53,-0.21,2.56,-0.49,-0.43,-0.92,0.09,0.55,2.34,0.02
0,0.01,0,0,0.01,0,-0.02,-0.1,-0.29,0.03,-0.14,-0.01,-0.11,0,0,-0.65,0.58
-0.56,0,0,0,0.01,0,-0.32,0.37,0,-0.27,0.07,-0.67,0.01,0,-0.82,-1.64,1.54
0.09,0,0,0,-0.01,0,-0.24,0.29,0.02,-0.18,0.02,0.08,0,0,0,-0.04,0.41
0.03,0.14,0,0,0.71,0,-0.02,-0.66,-0.11,-0.03,0.01,0.03,0.16,0,0.49,0.69,0.19
-0.06,0.43,0,0,0.06,0,0.7,-0.6,-0.03,0.54,0.22,0.14,-0.85,0,0.42,0.99,1.42
-0.15,0.44,0,0,0.08,0,1.13,-1.1,-0.18,0.88,-1.11,-0.69,-0.88,0,0.43,-1.03,0.77
-0.04,0,0,0,0.1,0,-0.37,-0.45,0,0.05,0.01,-0.02,-0.08,0,1.76,0.99,0.03
-0.54,0.09,0,0,0,0,3.52,-0.62,-0.03,1.77,-0.06,-0.4,-0.96,0,0,3.28,0.43
0.1,0,0,0,0.04,0,-0.81,0.22,1.33,-0.69,4.89,0.2,-0.21,0.01,-0.01,4.95,0.86
-0.04,-0.01,0,0,0,0,0.06,-0.14,0.01,0.04,0.18,-0.26,0,0,0,-0.14,0.24
-0.03,0,0,0,0,0,-0.55,-0.19,0,-0.48,0.07,-0.1,0.34,0,0,-0.93,2.7
-0.2,-0.02,0,0,0,0,2.48,0.6,0,0.97,0.01,-0.09,-0.44,0,0,3.49,0.15
-0.1,0.01,0,0,0,0,1.29,-0.19,0.1,0.63,0,-0.1,-0.54,0,0,1.18,0.0670000000000002
-0.5,0.63,0,0,0.03,0,1.44,-2.04,0.12,1.42,0.32,0.02,-1.83,0,0.04,0.12,1.03
-0.83,0.76,0,0,0,0,2.15,-3.09,-0.06,1.95,-0.59,0.01,-1.93,-0.02,0.06,-0.75,1.12
-0.47,0.26,0,0,0,0,3.3,-1,-0.15,1.83,-0.17,-0.09,-1.1,0,0,2.84,1.253
0.03,0.1,0,0,0.03,0,-0.58,-0.05,-0.14,-0.6,9.09,0.17,-0.26,0,0.07,7.82,7.01
-0.53,0.36,0,0,0.01,0,4.11,-1.37,-0.15,2.31,-0.17,0.33,-1.15,0,0,4.25,0.42
0.06,0.02,0,0,0,0,-0.25,0.04,-0.11,-0.08,-0.16,-0.12,-0.02,0,0,-0.69,0.69
0.26,-0.02,0,0,0,0,-0.31,0.02,-0.15,-0.38,-0.16,0.17,0.33,0,0,-0.52,1.81
-0.32,0.23,0,0,0,0,3.52,-0.13,-0.15,1.61,-0.17,-0.09,-0.75,0,0,4.05,0.46
-0.25,0.15,0,0,0,0,2.42,0.29,-0.1,1.04,-0.17,0.01,-0.5,0,0,3.12,0.9
-0.13,0.11,0,0,0,0,1.45,-0.24,-0.09,0.73,-0.15,0.02,-0.57,0,0,1.24,0.197
-0.02,0.51,0,0,0.05,0,-0.53,1.35,-0.25,-0.8,10.97,0.16,-0.2,0,0.42,11.66,7.88
-0.04,0.01,0,0,-0.01,0,0.17,-0.06,-0.06,0.11,-0.06,-0.02,-0.07,0,0,-0.01,0.25
0.05,0.83,0,0,0.62,0,-0.14,-0.5,-0.06,-0.2,0.01,0.18,0.16,0,2.21,3.1,1.988
0.05,0.83,0,0,0.62,0,-0.12,-0.53,-0.06,-0.17,0.01,0.18,0.16,0,2.2,3.1,1.987
0.07,0,0,0,0.07,0,-0.32,0.34,0,-0.24,1.36,0.98,0.05,0,0,2.21,2.09
-0.16,0.01,0,0,0.04,0,1.05,-0.39,-0.03,0.74,-0.09,0.47,-0.42,0,0.01,1.36,0.24
0.05,-0.01,0,0,-0.05,0,-0.45,0.58,0.01,-0.35,2.27,1.3,0,0,0,3.28,2.92
-0.39,0.07,0,0,0,0,1.05,-0.5,-0.86,0.66,-0.06,0.02,-0.58,0,0,-0.22,0.615
-0.3,0.06,0,0,-0.34,0,0.89,0.07,-0.86,0.45,-0.06,-0.2,0.02,0.04,0,0.06,0.37
-0.07,0.01,0,0,0.05,0,-0.45,0.29,-0.86,-0.37,-0.01,0.15,0.32,0,0,-0.89,1.18
-0.72,0.07,0,0,0,0,1.86,-0.88,-0.9,1.15,-0.06,0.03,-0.68,0,0,0.57,0.35
0.12,0.01,0,0,0,0,-0.75,0.26,-0.03,-0.43,-0.05,0.31,0.29,0,0,-0.42,0.03
0.09,0.01,0,0,0,0,-0.36,0.28,-0.74,-0.24,-0.06,-0.07,0.15,0,0,-1.04,0.85
0.12,0.01,0,0,-0.01,0,-0.72,0.39,-0.84,-0.55,-0.02,1.83,0.37,0,0,0.44,1.09
-0.25,0.05,0,0,0,0,0.73,0.04,-0.87,0.29,-0.04,0.04,0.33,0,-1.27,-0.7,1.03
-0.1,-0.82,0,0,0.18,0,0.14,0.36,-0.74,-0.13,-0.06,0.27,0.87,-0.02,-0.83,-0.8,0.87
-0.38,0.07,0,0,0,0,1.33,-0.19,-0.88,0.62,-0.06,-0.03,-0.35,0,0,0.49,0.11
-0.1,0.01,0,0,0.05,0,-0.32,0.23,-0.86,-0.29,-0.03,0.12,0.27,0,0,-0.84,1.08
-0.22,0.05,0,3.19,0,0,0.84,-0.24,0.01,0.73,0.04,0.11,-1.02,0,-0.01,3.66,0.94
-0.04,-0.01,0,0,0,-0.05,0.03,-0.24,-0.02,0.09,0.11,0.46,-0.02,0,0.01,0.34,0.2
-0.17,-0.02,0,0,0,-0.05,0.16,-0.59,-0.06,0.24,-0.05,0.48,-0.03,0,0.01,0.07,0.05
-0.01,0.25,0,0,0.85,0,0.16,-1.09,0,0.2,0,0.07,-0.56,0.37,0.45,0.67,0.095
-0.16,0,0,0,0,0,3.25,-0.57,-0.01,1.64,0,-0.09,-0.96,0,0,3.25,0.55
-0.04,0,0,0,0,0,1.39,-0.11,0,0.66,0,0.15,-0.54,0,0,1.55,1.135
-0.1,-0.35,0,0,0.06,0,2.44,0.81,0.01,0.86,1.51,0.13,-0.43,0,-0.4,4.62,0.89
-1.67,-0.07,0,0,0.08,0,-0.75,-0.75,0,-0.26,0.04,-0.57,-0.97,0.74,1.37,-1.15,1.55
0.12,-0.61,0,0,0,0,0.39,0.84,0,-0.22,0.05,0.19,0.53,0,-0.63,0.52,1.33
-0.45,0.08,0,0,0,0,2.24,-0.62,-0.13,1.18,0,-0.25,-0.48,0,0,2,1.13
-0.03,-0.52,0,0,0,0,1.18,0.71,-0.13,0.29,0.01,-0.03,0.04,0,-0.6,0.91,0.24
0.08,0.03,0,0,0,0,-3.19,0.5,0.27,-1.82,8.92,0.33,1.28,0,0.04,6.34,6.36
0.14,-0.7,0,0,-0.01,0,0.54,0.99,0,-0.21,0.07,0.2,0.53,0.01,-0.7,0.69,0.31
-0.25,0.09,0,0,0,0,2.04,-0.38,-0.17,1.12,0,-0.22,-0.48,0,0,1.99,1.055
-0.15,-0.61,0,0,0,0,0.95,0.69,-0.16,0.24,0.47,0,0.1,0,-0.68,0.99,0.49
0.02,-0.68,0,0,0,0,0.49,1.11,0,-0.27,0.04,0.24,0.6,0,-0.7,0.81,0.79
0.21,-0.03,0,0,-0.01,0,-0.81,0.25,0.01,-0.44,3.98,1.65,-0.02,0,-0.01,4.59,3.74
0.03,0.09,0,0,-0.04,0,0.83,-1.01,-0.01,0.75,-0.38,-0.23,-0.2,0,-1.23,-1.42,3.35
0.02,-0.03,0,0,1.27,-0.02,0.71,-1.57,-0.01,0.79,0.03,-0.11,-2.13,0,1.75,0.7,0.22
0,0,0,0,-0.3,0,1.38,-0.65,0,0.85,-0.01,0,-1.33,0,1.19,1.14,1.12
-0.05,0.12,0,0,0.94,-0.03,1.32,-2.05,-0.03,1.37,-0.01,0.3,-2.57,0,1.88,1.25,0.38
0,0.1,0,0,0,0,1.7,-0.53,0,1.05,-0.01,-0.24,-0.89,0,0,1.19,0.6
0,0,0,0,0,0,-0.24,-0.16,0,0.01,0.21,0.01,-0.17,0,0,-0.34,0.78
0,-0.03,0,0,0.08,0,0.39,-0.19,-0.04,0.33,-0.16,0.21,0.26,0.03,-1.16,-0.26,1.18
0,0,0,0,-0.03,0,0.19,-0.02,0,0.1,-0.01,-0.26,-0.06,0,0,-0.07,0.07
0,0,0,0,-0.03,0,0.19,-0.1,0,0.13,0,0.02,-0.06,0,0,0.15,0.07
0,0,0,0,0,0,-0.06,-0.12,0,0.03,0.21,0.1,-0.03,0,0,0.13,0.16
0,0,0,0,0,0,0.1,-0.25,-0.01,0.13,-0.54,-0.51,-0.05,0,0,-1.12,1.1
0,0.91,0,0,0,0,-0.11,-0.65,-0.04,0.3,-0.12,-0.25,-0.57,0,0.86,0.35,0.21
0,0.94,0,0,0,0,0.5,-1.19,-0.04,0.73,-0.16,-0.41,-0.66,0,0.86,0.59,0.6
0,0,0,0,0,0,-0.01,0.12,0,-0.04,0,0.17,-0.01,0,0,0.24,0.62
0,0.01,0,0,0.01,0,0.52,-0.17,-0.04,0.37,-0.01,-0.04,-0.49,0.03,0,0.22,0.43
0,0.05,0,0,0.01,0,0.99,-0.55,-0.04,0.73,-0.02,0.14,-0.56,0.03,0,0.8,0.13
0,0.06,0,0,0,0,1.34,-0.58,-0.01,0.78,-0.01,0.22,-0.68,0,0,1.13,0.87
-0.01,0.22,0,0,-0.01,0,2.46,-1.4,-0.01,1.8,0.07,-0.62,-1.04,0,0,1.47,0.39
0,0,0,0,-0.01,0,-0.28,-0.32,-0.01,-0.04,0.05,0,-0.13,0,0,-0.73,1.25
-0.06,0.01,0,0,-0.01,0,0.24,-0.54,0,0.5,0.03,-0.57,0.05,0,0,-0.26,1.44
-0.04,0.68,0,0,-0.32,0,-0.01,-2.24,0.01,0.78,0.28,-0.84,-1.65,0,1.89,-1.39,2.06
0.04,0.69,0,0,-0.44,0,0.12,-1.88,0.03,0.69,0.67,-0.87,-1.73,0,1.89,-0.81,1.37
-0.63,0.36,0,0,0.03,-0.01,2.33,-1.93,-0.01,1.84,-0.07,0.46,-0.79,0,0.07,2.28,0.14
-0.19,0.08,0,0,-0.03,0,0.28,-0.4,0.01,0.41,-0.04,0.03,0.11,0,0,0.45,0.92
0.02,0,0,0,-0.01,0,-0.08,0.35,0,-0.2,0.07,0,0.08,0,-1.13,-0.9,0.68
-0.06,0.2,0,0,-0.02,0,0.13,1.36,0.02,0.22,0,-0.42,-0.17,0.18,0.07,1.59,0.29
-0.08,-0.72,0,0,0.76,-0.09,0.88,-1.62,-0.01,0.97,0,-0.57,-1.03,0,1,-0.41,0.53
-0.4,-0.73,0,0,0.77,-0.09,1.22,-1.88,0,1.21,0,-0.09,-1.06,0,0.96,0.33,0.35
-0.53,0.03,0,0,0.02,0,1.64,-1.04,0,1.01,0,0.23,-0.65,0,0.05,1.29,0.93
-0.69,-0.01,0,0,0.02,0,2.33,-1.5,0.05,1.44,0,-0.04,-0.65,0,0.06,1.74,1.26
-0.44,0.6,0,0,0,0,0.76,-1.36,-0.03,0.78,0,-0.04,-0.56,0,0.55,0.72,0.53
0.05,0.57,0,0,0.32,0,0.16,2.6,-0.03,-0.14,1.5,-0.14,0.04,0.85,0.53,6.27,4.94
-0.8,0.71,0,0,0,0,1.91,-2.01,0,1.46,-0.06,0.01,-0.57,0,0.6,2.07,0.0799999999999998
-0.33,-0.02,0,0,0,0,1.27,-0.54,0.05,0.57,0.01,-0.33,-0.04,0,0.02,1.01,0.36
-0.25,0.67,0,0,-0.02,0,0.52,-0.86,-0.15,0.6,0.43,0.88,-0.8,0,0.62,1.9,1.43
-0.43,0.86,0,0,-0.01,0,1.11,-1.44,-0.07,1.01,-0.82,-0.36,-0.71,0,0.63,0.22,0.75
-0.06,0.09,0,0,0,0,0.78,-0.54,-0.01,0.51,-0.01,0.32,-0.02,0,0.04,1.18,0.31
0.18,0.81,0,0,-0.12,0,-0.35,-0.94,-0.07,0.04,0.02,-0.48,-0.99,-0.13,0.86,-1.31,1.57
0.02,0.9,0,0,-0.11,0,0.25,-1.28,-0.08,0.42,0,-0.15,-0.98,-0.05,0.86,-0.2,1.01
-0.11,0.53,0,0,0.08,0,1.36,-1.63,0,1.29,0.06,-0.33,-1.3,0,0.44,0.52,0.0499999999999999
-0.11,0.05,0,0,0.11,0,1.19,-0.04,0.05,0.63,0.06,-0.32,0.55,0.01,-1.67,0.64,0.24
-0.04,0,0,0,0.11,0,0.15,0.73,0.05,-0.2,0.04,-0.04,1.07,0.03,-1.67,0.29,0.19
-0.11,0.53,0,0,0.16,0,0.43,-0.71,0,0.39,0,-0.5,-0.93,-0.07,0.51,-0.16,0.89
0,0.7,0,0,-0.44,0,1.48,-2.43,-0.02,1.61,-0.02,-0.96,-1.69,0,0.58,-1.18,1.47
0,0.27,0,0,-0.01,0,-0.33,-0.31,0,0.04,0,0.25,-0.49,0,0.28,-0.28,0.23
0.03,0.98,0,0,-0.37,0,1.52,-2.48,0.02,1.72,-0.27,-0.85,-2.36,0,2.17,0.1,0.02
0.02,-0.09,0,0,-0.33,0,0.65,-1.53,-0.01,0.87,0.01,0,-1.9,0,1.67,-0.66,0.51
-0.03,-0.09,0,0,0.45,-0.01,3.77,-3.4,0.05,2.96,-0.03,-1,-2.91,0,1.67,1.46,0.27
0.01,-0.92,0,0,0.5,-0.01,0.71,-1.76,0.09,0.94,1.21,0.03,-0.88,0,0.84,0.76,0.09
-0.08,-0.04,0,0,0.31,-0.02,3.15,-2.6,0.09,2.4,-0.03,-0.89,-2.89,0,2.92,2.42,1.52
0,-0.8,0,0,0.77,-0.01,1.52,-0.91,0.07,1.01,1.13,0,-1.15,0,0.96,2.6,1.34
0,0,0,0,0.04,0,1,-0.02,0.03,0.58,0,1.61,-0.37,0,0,2.87,1.9
0,0,0,0,0.07,0,1.42,-0.32,0,0.88,-0.02,1.81,-0.36,0,-0.03,3.46,2.54
0.01,0,0,0,0,0,0.13,-0.1,0.02,0.12,0,1.48,-0.07,0,-0.01,1.57,1.38
-0.02,-0.01,0,0,0,0,0.35,-0.25,0.03,0.26,0,1.9,-0.1,0,0,2.19,1.7
-0.04,0,0,0,-0.03,0,-0.19,-0.99,0,0.24,0,-0.01,-0.1,0,1.75,0.65,1.42
-0.08,0.97,0,0,0,0,-0.18,0.27,-0.32,0.14,0,0.68,-0.54,0,0.93,1.94,0.785
0,0.07,0,0,-0.05,0,2.71,-0.25,-0.03,1.29,-0.01,-0.22,-0.32,0.01,-0.57,2.61,0.42
0.02,0.06,0,0,-0.03,0,1.54,-0.14,-0.04,0.48,0.02,0.34,0.59,0.01,-0.56,2.24,2.44
0.03,-0.53,0,0,-0.01,0,2.91,0.58,0.26,0.98,0,-0.03,0.01,0.01,-1.03,3.14,1.57
-0.1,0.06,0,0,0,0,1.37,0.78,0.07,0.38,-0.01,0,0.08,0,-0.27,2.45,1.65
-0.12,0.25,0,0,0,0,-0.16,-0.32,0,0.07,0,-0.2,-0.43,0,0.28,-0.51,0.11
0.15,0.01,0,0,0,0,-0.13,0.29,0,-0.22,0,0.56,0.33,0,0,0.84,0.1
0.15,0.01,0,0,0.17,0,-0.08,0.44,0,-0.18,0,0.23,0.22,-0.02,0,0.78,0.59
0.25,-0.01,0,0,0.14,0,-0.41,1.02,0,-0.49,0.01,0.11,0.98,0,-1.12,0.21,0.11
0.41,-0.06,0,0,0,0,-0.84,0.83,0.02,-0.75,0.01,0.44,0.61,0,0,0.23,0.34
-0.33,0.01,0,0,0,0,0.41,-0.38,0,0.31,0,0.47,-0.07,0,0,0.75,0.15
0.36,-0.03,0,0,0,0.05,-0.4,0.73,0,-0.49,0,0.51,0.39,0,0,0.75,0.385
0.63,-0.03,0,0,0,0,-1.21,1.02,1.02,-0.9,0.35,0.19,0.58,0,0.05,1.08,0.64
0.36,-0.04,0,0,-0.06,0,-0.71,0.78,0,-0.66,0.01,0.2,0.58,0.01,0,0.1,0.41
0.46,-0.05,0,0,0,0,-0.88,0.86,0,-0.72,0.01,0.12,0.54,0,0,-0.13,0.26
0.45,-0.05,0,0,0,0,-1.44,1.04,0.06,-1.12,0.14,0.3,0.79,0,0,-0.28,0.43
0.27,-0.59,0,0,0,0,-0.2,0.65,0,-0.35,0,0.42,0.77,0,-0.63,0.07,0.41
0.26,-0.02,0,0,0,0,-0.39,0.87,0,-0.51,0.01,0.18,0.86,0,-0.88,0.12,0.21
0.3,0,0,0,-0.11,0,-0.45,0.57,0.07,-0.47,0,0.24,0.46,0.07,0,0.36,0.05
0.16,-0.6,0,0,0,0,0.14,0.66,0.01,-0.18,0.01,0.19,0.55,0,-0.63,0.14,0.305
0.35,-0.54,0,0,0,0,-0.08,1.11,0.12,-0.4,1.31,0.22,0.61,0,-0.57,1.77,1.2
0.42,0.14,0,0,0,0,-0.37,0.59,0.98,-0.37,0.05,0.22,0.1,0,0.16,1.48,0.82
0.4,-0.09,0,0,0,0,-1.19,1.22,0.02,-1.09,0.02,0.52,0.78,0,0,0.18,0.12
0.33,0.17,0,0,0,0,-0.83,0.71,0.09,-0.71,0.01,0.44,1.04,0,-0.99,-0.09,0.48
0.14,0.28,0,0,0.32,0.01,-0.73,0.57,-0.03,-0.49,0.02,-0.07,0.1,-0.01,-0.07,-0.11,1.13
-0.04,0.47,0,0,-0.27,0,-0.42,0.04,0,-0.18,0.03,0.02,-0.29,-0.06,0.54,-0.14,0.795
-0.05,0,0,0,0.02,-0.02,0.07,-0.17,-0.01,0.11,-0.04,0.02,-0.4,0,0.46,0.03,0.045
-0.15,0.89,0,0,0.82,-0.37,0.59,-2.13,0,0.79,-0.1,-1.27,-0.61,0.02,0.84,-0.54,0.8
-0.19,-0.35,0,0,0.01,0,-0.06,-0.96,-0.02,0.32,-0.07,-0.11,-0.1,0,0.88,-0.48,0.665
-0.35,1.32,0,0,0.72,0,0.47,-1.76,-0.27,0.77,0.02,-0.28,-1.34,0,3.79,3.42,3.28
-0.41,1.02,0,0,0,0,0.91,-1.69,-0.08,1.11,-0.17,0.77,-0.7,0,1.07,2.24,0.393
-0.11,0.16,0,0,-0.31,0,0.05,1.4,-0.01,0.08,0,1.01,-0.16,0,0.13,2.34,0.74
-0.34,1.02,0,0,0,0,1.15,-0.85,-0.05,0.91,-0.11,0.75,-0.36,0,1.07,3.53,2.03
-0.23,0,0,0,0.24,0,0.88,-1.29,0.04,0.9,-1.08,-0.07,-1.46,0,2.59,0.74,1.48
0,-0.41,0,0,-0.1,0.05,-0.03,0.1,0,-0.07,0.01,0.43,0.41,0,-0.41,-0.04,1.06
0.02,0.61,0,0,0,0,-0.2,-0.38,0,0.09,0.01,-0.54,-0.11,0,0.62,0.08,0.665
-0.1,0.03,0,0,0.23,-0.01,-0.08,-0.85,0,0.24,0.47,-0.02,-1.02,0,2.72,1.69,1.22
0,0.32,0,0,2.48,-0.31,1.34,-3.76,-0.01,1.35,-0.06,0.26,-1.4,0.02,1.13,1.34,0.565
0.01,-0.42,0,0,0,0,1.1,-0.5,-0.09,0.63,0.02,0.14,-0.05,0,-0.45,0.37,0.56
0.01,0,0,0,0,0,-0.17,-0.08,0,-0.02,0,-0.08,-0.06,0,0,-0.41,1.91
0,0.64,0,0,0,0,-0.18,-0.65,0,0.18,0.01,-1.37,-0.1,0,0.63,-0.85,2.205
-0.11,-0.72,0,0,0.29,0,0.58,-3.8,-0.63,0.94,-1.27,-0.33,-0.61,0.05,2.75,-2.76,6.51
0.02,-0.55,0,0,0.31,0,-0.02,-1.5,0.61,-0.17,-1.24,-0.12,0.16,0.05,0.91,-1.59,4.69
-0.05,-1.09,0,0,0.31,0,0.91,-2.7,-0.58,0.59,-1.23,-0.26,-0.04,0.05,1.26,-2.8,6
0,0.27,0,0,0,0,1.29,0.75,0.01,0.33,0,0,0.04,0,-0.25,2.44,0.66
-0.37,1.03,0,0,0.05,0,0.66,-1.87,0,1.06,0.04,0.06,-0.78,-0.01,0.6,0.83,2.06
-0.15,0.66,0,0,0.12,-0.11,1.17,-1.93,-0.02,1.27,-0.71,-0.45,-0.85,0,0.63,-0.25,0.87
-0.05,0,0,0,0.01,0,0.28,-1.26,-0.45,0.51,-0.03,-0.53,-0.75,0,1.84,-0.38,1.185
-0.05,0.1,0,0,0,0,3.55,-0.52,-0.07,1.74,-0.01,-0.18,-1.16,0,0,3.44,0.94
0.02,0.05,0,0,-0.01,0,0.19,-0.1,0.01,0.16,0.21,-0.34,0.06,0,0,0.23,1.56
-0.01,0.01,0,0,0,0,1.28,-0.06,-0.06,0.58,0,-0.02,-0.6,0,0,1.11,0.31
-0.15,-0.13,0,0,-0.54,0.22,3.05,-0.23,0.02,1.64,-1.17,0.8,-1.02,-0.05,-0.27,2.31,0.54
0.01,0.01,0,0,0,0,0.19,-0.05,0.03,0.1,0.02,0.22,0,0,0,0.52,1.68
-0.08,0.06,0,0,0,0.03,1.23,-0.37,0.01,0.68,-1.21,-0.24,-0.64,0,-0.01,-0.45,0.53
-0.01,0.03,0,0,0,0,2.1,-0.14,-0.01,0.98,0.15,0.6,-0.43,0,0,3.28,0.92
-0.08,0.11,0,0,0,0,3.06,-0.34,-0.01,1.48,-0.1,0.44,-0.42,0,0,4.21,3.08
0.06,-0.02,0,0,0,0,-0.78,0.03,1.34,-0.35,-0.05,0.22,0.54,0,0,0.93,0.49
0.02,0.01,0,0,0,0,-0.62,-0.07,0.16,-0.23,0,0.31,0.54,0,0,0.09,0.61
-0.06,0.01,0,0,0,-0.01,0.98,-0.37,-0.01,0.57,-0.01,0.51,-0.05,0,0,1.62,1.19
0,0,-0.8,0,0,0,0.06,-0.05,1.5,0.05,0,0.62,-0.07,0,0,1.31,1.89
-0.02,0.02,-1.11,0,0,0,0.35,-0.23,0.82,0.23,0,0.78,-0.07,0,0,0.77,2.463
-0.12,0.04,0,0,0,0,1.27,-0.8,0,0.83,-0.07,0.17,-0.56,0,0,0.89,0.22
-0.2,0.04,0,0,0,0,2.03,-1.28,-0.01,1.32,-0.07,-0.15,-0.71,0,0,1.16,0.02
-0.3,0.07,0,0,-0.06,0,1.27,-0.68,-0.05,0.8,0.07,0.71,-0.46,-0.03,0,1.64,0.28
-0.44,0.09,0,0,-0.07,0,2.09,-1.01,-0.05,1.25,0,0.69,-0.49,-0.03,0,2.46,0.32
-0.2,-0.09,0,0,0.02,-0.1,0.95,-1.69,0,1,-0.12,0.08,-0.9,0,1.84,0.98,1.63
-0.29,0.2,0,0,0.27,-0.05,1.39,-3.93,0.01,1.63,-0.19,-1.65,-0.96,-0.04,1.93,-1.39,2.85
-0.08,-0.2,0,0,0.27,-0.05,0.32,-1.81,0.01,0.38,-0.06,-0.64,-0.01,-0.04,1.52,-0.3,1.63
0,0.44,0,0,0,0,-0.32,-1,0,0.27,0,0.26,-0.53,0,0.41,-0.46,0.23
-0.02,0.39,0,0,-0.05,0,2.95,-1.04,0,2.03,-0.14,0.23,-0.95,0,0.1,3.52,2.84
0,0.08,0,0,-0.17,0,0.15,0.08,0.01,0.4,-0.1,-0.22,0.19,0,-0.07,0.35,2.86
0,0.17,0,0,-0.1,0,1.47,-0.15,0.06,1.1,-0.13,-0.45,-0.44,0,-0.01,1.51,3.04
-0.07,0.16,0,0,-0.01,0,2.36,-0.55,-0.02,1.25,-0.09,0.61,-0.55,0,0,3.15,0.65
-0.16,0.28,0,0,-0.01,0,3.69,-0.91,-0.03,1.98,-0.1,0.82,-0.62,0,0,5.09,2.26
0.1,-0.41,0,0,0,0,0.16,0.42,0,-0.11,0,0.64,0.52,0,-0.42,0.79,0.32
-0.17,0.08,0,0,0,0,2.37,-0.3,0,1.21,-0.02,-0.18,-0.53,0,0,2.63,0.0499999999999998
-0.59,0.33,0,0,0.34,0,4.18,-1.39,0.01,2.32,-0.32,0.25,-1.01,-0.11,0.1,4.72,0.15
0.07,-0.03,0,0,0,0,-1.22,0.31,1.27,-0.63,0.19,-0.02,0.56,0,-0.02,0.41,1.54
-0.05,0.02,0,0,0,0,-0.78,-0.01,0.4,-0.35,0.6,-0.08,0.62,0,-0.02,0.4,0.69
-0.24,-0.34,0,0,0,0,1.83,-0.57,0.07,0.95,-0.03,-0.33,-0.36,0,-0.44,0.77,2.08
-0.52,0.1,0,0,0,0,2.96,-1.08,-0.01,1.59,0,0.14,-0.63,0,0,3.06,2.46
0.14,-0.05,0,0,0,0,-0.8,0.34,0.26,-0.45,0.17,0.11,0.62,0,0.01,0.2,1.1
0.02,-0.04,0,0,0,-0.01,-0.86,0.25,0.04,-0.44,1.25,-0.21,0.62,0,0.01,0.63,1.74
0.06,0,0,0,0,0,0.28,0.42,0.01,-0.07,-0.04,0.27,0.26,0,0,1.11,0.84
-0.04,0,0,0,0,0,1.6,-0.79,0,0.93,0,0.63,-0.62,0,0,1.74,0.29
-0.07,0.04,0,0,0,0,2.33,-1.24,0,1.38,0,0.55,-0.7,0,0,2.34,1.16
-0.09,-0.01,0,0,0,0,0.15,-0.35,0,0.17,-0.01,0.36,0,0,0,0.3,0.14
-0.02,0.56,0,0,0,-0.01,-0.51,-1.05,0,0.27,-0.16,-0.05,-0.53,0,0.53,-0.96,3.46
0.19,0.24,0,0,0,-0.01,-1.33,1.1,0.11,-0.63,1.01,-0.23,0.18,0,0.22,0.67,2.13
-0.2,0.13,0,0,0.03,0,2.84,-1.88,0,1.76,-0.01,0.13,-1.11,0,-0.02,1.85,1.14
-0.3,0.28,0,0,0.04,0,3.7,-2.81,0,2.38,-0.01,0.18,-1.16,0,-0.01,2.59,2.22
-0.05,0.07,0,0,0.01,0,1.08,-0.5,0.01,0.63,-0.01,-0.36,-0.59,0,0,0.34,0.09
0.54,0,0,0,0,0,0.7,0.27,2.2,0.35,-0.03,0.32,-0.28,0,0,3.53,0.83
0.25,-0.01,0,0,0,0,0.83,0.1,1.36,0.44,-0.02,0.47,-0.25,0,0,2.92,0.52
0.61,0,0,0,0,0,0.78,0.3,2.42,0.34,-0.04,0.48,-0.24,0,0,4.05,1.95
-0.14,1.76,0,0.02,0.08,0,3.53,-2.7,-0.05,2.81,-0.06,-0.64,-0.71,0.01,-0.01,4.05,7.95
-0.05,0.7,0,0,0.02,0,-0.05,-0.77,-0.01,0.33,-0.07,-0.19,-0.17,0,0.7,0.48,3.06
-0.3,1.82,0,0.03,0.07,0,4.59,-3.26,-0.05,3.47,-0.41,-0.57,-0.76,0.02,0,4.95,6.75
0,-0.06,0,0,0,0,1.12,-0.01,0.04,0.69,0.74,-0.14,-0.25,0,-0.03,2.08,1.38
-0.01,0.05,0,0,0,0,0.29,-0.43,-0.01,0.15,0.04,0.34,0.08,0,0,0.51,0.21
-0.02,0.03,0,0,0,0,0.23,-0.3,0.02,0.19,0.03,-0.07,-0.04,0,0,0.09,0.51
0.03,0.93,0,0,0.02,0,0.54,-0.42,0,0.33,-0.05,-0.45,-1.13,0,0.88,0.65,1.45
0,0,0,0,0.06,0,1.68,-1.78,0.1,1.47,0,-0.34,-1.72,0,1.76,1.23,0.83
0,-0.01,0,0,-0.01,0,0.73,-0.07,-0.02,0.39,0.68,-0.45,-0.33,0,0,0.91,2.01
0,-0.14,0,0,0.76,0,-1.87,-0.4,0.03,-1.04,1.45,-0.15,-1.09,0,1.36,-1.1,0.95
0,-0.19,0,0,0.69,0,-1.86,-0.32,0.03,-1.09,0.05,0.4,-0.93,0,2.62,-0.58,0.0700000000000001
0,-0.01,0,0,0.69,0,0.08,-0.05,-0.01,-0.14,0.08,0.17,-1.21,0,1.44,1.05,0.05
0,0.07,0,0,0,0.07,1.03,0.14,0,0.32,0.01,0.4,-0.12,0,0,1.93,1.03
0,0.12,0,0,0.04,0,1.34,-0.79,0.07,0.71,0,0.17,-0.43,0,0,1.23,0.37
0,0,0,0,-0.02,0,-0.24,0.43,0.01,-0.38,0.04,0.21,0.17,0,0.15,0.37,3.17
0,0.05,0,0,0.03,0,0.24,-0.06,0,-0.01,0.24,0.15,0.14,0,0,0.79,1.79
0,0.04,0,0,0,0,1.04,-0.21,0,0.76,0.06,0.06,-0.99,0,0,0.77,0.27
0.01,-0.4,0,0,0,0,-2.53,0.54,0.74,-1.09,2.04,0.55,0.1,0,-0.26,-0.33,1.23
0,-0.47,0,0,0.01,0,-2.47,0.14,0.05,-0.9,3.41,0.5,0.11,0,-0.3,0.09,2.51
0,-0.05,0,0,0,0,-3.15,0.27,0.03,-1.47,1.59,0.49,0.52,0,0,-1.78,5.28
0,-0.53,0,0,0,0,1.46,0.49,0.24,0.55,0.89,-0.24,-0.46,0,-0.51,1.89,2.36
0,-0.41,0,0,0,0,-0.14,0.98,0.02,-0.12,2.13,0.48,-0.41,0,-0.45,2.08,2.52
0.01,-0.39,0,0,0.01,0,-1.23,0.41,0,-0.48,3.15,0.45,-0.48,0,-0.32,1.12,0.92
-0.01,0.08,0,0,0,0,1.71,-0.32,0.07,0.86,0.05,0.84,-0.6,0,0,2.69,0.49
-0.01,0,0,0,0,0,0.81,-0.23,0.14,0.21,0.09,0.65,0.35,0,0,2.01,0.61
0.17,-0.04,0,0,-0.01,0,-1.55,1.11,0.07,-1.18,2.15,0.74,0.66,0,0,1.94,1.21
0,-0.02,0,0,0,0,-1.28,0.09,0.08,-0.6,0.02,0.13,0.67,0,0,-0.91,1.56
-0.01,-0.03,0,0,0,0,-1.87,0.05,0.3,-0.86,0.13,0.43,0.79,0,0,-1.06,3.76
-0.01,-0.05,0,0,0,0,-2.17,0.04,0.18,-1.17,0.09,0.73,1.17,0,0,-1.18,2.23
0,0.03,0,0,0,0,1.11,0.79,0,0.3,0,-0.03,0.02,0,0,2.23,3.07
-0.01,0.8,0,0,0.37,0,-0.14,-0.7,0,0,0.03,0.18,-0.41,0,1.21,1.35,0.7
0.01,0.21,0,0,0.38,0,-0.16,-0.46,0.01,-0.05,0.02,0.04,-0.23,0,0.91,0.66,0.34
-0.01,0.07,0,0,-0.01,0,1.21,-0.4,0,0.65,0,0.24,-0.4,0,0,1.36,6.34
-0.01,0.04,0,0,0,0,0.79,-0.21,0.01,0.33,0,0.12,-0.16,0,0,0.92,3.68
0.01,0,0,0,-0.01,0,-0.09,0.34,0.02,-0.15,0,0.12,0.08,0,0,0.32,1.08
-0.01,0.04,0,0,-0.01,0,1,0.25,-0.01,0.38,0,0.1,-0.26,0,0,1.51,3.69
0,0.01,0,0,-0.01,0,0.46,0.24,0,0.13,0,0.16,-0.15,0,0,0.86,2.64
0,0,0,0,0.24,0,0,0.03,-0.01,-0.06,0,0.29,-0.2,0,0,0.3,1.3
0,0,0,0,0.24,0,0.07,0.06,0.04,0.03,0.01,0.14,-0.32,0,0,0.27,0.13
0,0,0,0,0.27,0,0.6,-0.11,0.01,0.35,0,0.08,-0.62,0,0,0.58,0.18
0,0,0,0,-0.08,0,-0.15,0.08,0,-0.1,0,0.01,0.15,0,0,-0.07,0.67
0,0.04,0,0,0,0,0.31,-0.27,0,0.07,-0.01,0,0.09,0,0,0.23,1.87
0,0.03,0,0,0,0,0.26,-0.18,0,0.17,-0.01,-0.06,-0.06,0,0,0.14,1.46
0.04,0.08,0,0,0,0,1.17,-0.5,0.01,0.68,-0.01,0.5,-0.52,0,0,1.4,0.7
0,-0.08,0,0,0,0,0.59,-0.27,0,0.19,0,0.53,0.14,0,-0.14,0.98,0.88
0.04,0.04,0,0,0,0,-1.17,0.07,0.07,-0.56,-0.01,0.25,0.44,0,0,-0.88,3.88
0.04,0.06,0,0,0,0,0.79,0.24,0.08,0.27,-0.01,-0.04,-0.11,0,0,1.28,2.22
0.01,-0.3,0,0,0,0,2.82,-1.03,-0.03,1.54,-0.04,0.1,-1.03,0,-0.3,1.73,5.32
0.01,-0.42,0,0,0,0,2.67,-0.83,-0.05,1.22,-0.03,0.04,-0.41,0,-0.66,1.54,3.71
0.04,-0.36,0,0,0,0,0.02,-0.23,0.17,-0.22,1.54,0.11,-0.21,0,-1.62,-0.8,2.75
0.02,-0.39,0,0,0,0,-0.09,-0.28,0.02,0.01,-0.03,-0.04,0.09,0,-0.36,-1.06,1.71
0.01,-0.04,0,0,0,0,-0.39,-0.06,-0.05,-0.42,-0.01,0.24,0.35,0,-0.08,-0.46,2.61
0,-0.58,0,0,0,0,2.89,-0.12,0.29,1.29,-0.04,-0.15,-0.54,0,-0.62,2.42,4.98
0.01,-0.39,0,0,0,0,1.66,-0.18,-0.05,0.76,-0.04,-0.02,-0.61,0,-0.38,0.74,1.81
0,-0.07,0,0,-0.18,0,0.02,-0.49,0.01,-0.01,0,0.44,-0.23,0,2.03,1.52,0.72
0,0,0,0,-0.23,0,-0.44,0.12,0,-0.24,0,0.04,-0.24,0,2.19,1.21,1.21
0,-0.23,0,0,0,0,3.56,-1.61,0,2.09,-0.04,-0.17,-1.04,0,-1.33,1.21,4.89
0,-0.21,0,0,0,0,2.67,-1.2,0,1.38,-0.04,-0.05,-0.42,0,-0.21,1.91,2.19
0,-0.2,0,0,0.01,0,0.43,-0.14,0.22,0.22,0.12,0.41,-0.12,0,-0.16,0.78,1.12
0.01,-0.31,0,0,0,0,2.62,-0.17,0.02,1.19,0.34,0.15,-0.53,0,-1.7,1.6,4.1
0,-0.15,0,0,0,0,1.74,-0.53,0.37,0.94,0,0.33,-0.69,0,-1.17,0.84,2.06
0,0,0,0,0.79,0.05,0.17,-0.33,0,0.18,0.02,0.29,-0.55,0,1.96,2.6,1.05
0,0.77,0,0,0,0,-0.28,-0.57,0.01,-0.09,0.03,0.56,0.24,0,0.71,1.35,0.65
0,0.97,0,0,0,0,-1.05,-0.12,0.03,-0.36,0.86,-0.2,0,0,0.95,1.08,2.38
0,0.09,0,0,0,0,1.37,-0.25,0,0.49,0,0.23,0.17,0,-0.29,1.8,2.3
0.01,0.06,0,0,0,0,1,0.67,0.12,0.3,0,0.01,0.02,0,0,2.19,2.81
-0.23,0.54,0,0,0,-0.05,0.65,-0.86,0.03,0.53,0.01,-0.1,-0.49,0,0.49,0.76,1.26
-1.04,-0.03,0,0,0,0,0.06,-0.61,0,0.14,0.01,-1.33,0.01,0,0,-1.74,3.24
0.09,1.19,0,0,-0.03,0,-1.45,-0.54,-0.01,-0.61,2.62,0.59,0.49,0,0.94,3.19,0.51
0.06,-0.03,0,0,-0.02,0,-1.84,0.44,0.42,-0.8,2.69,0.64,0.17,0,-0.03,1.63,0.0299999999999998
-0.53,0.23,0,0,0,0,0.65,-0.45,-0.02,0.61,0.03,0.19,-0.04,0,0,1.19,3.06
-0.32,0.25,0,0,0,0,1.91,-0.74,0.14,1.26,0.09,0.25,-0.48,0,0,2.67,2.33
-0.11,0.15,0,0,0.55,0.05,1.28,-0.33,-0.12,0.67,-0.05,-0.46,-0.64,0,0.23,1.34,0.0900000000000001
0.03,0,0,0,0.39,0,-0.54,0.14,0.01,-0.34,-0.04,0.55,0.06,0,0.18,0.41,0.56
0,-0.24,0,0,0,0,1.29,-0.55,0,0.71,-0.04,-0.04,-0.59,0,-0.22,0.31,0.39
0,0.02,0,0,0,0,0.28,-0.42,-0.03,0.19,0,-0.05,0.06,0,0,0.05,3.15
0,0.01,0,0,0,0,0.37,-0.92,-0.03,0.38,0,-0.44,-0.04,0,0,-0.67,5.72
0,0.01,0,0,0,0,0.41,-0.42,-0.03,0.31,0,-0.05,-0.08,0,0,0.15,3.35
0,0,0,0,0,0,-0.46,0.31,0.01,-0.34,0,0.2,0.28,0,0,0,0.8
-0.01,0.16,0,0,-0.04,0,1.75,-1.1,-0.11,1.18,-0.01,-0.25,-0.78,0,-0.09,0.73,1.37
-0.05,0.15,0,0,0,0,1.35,-0.64,-0.09,0.73,-0.03,-0.3,-0.4,0,0,0.76,0.76
-0.02,0.12,0,0,0,0,0.39,0.1,-0.1,0.09,-0.01,-0.29,-0.13,0,0,0.18,0.02
-0.01,0.01,0,0,-0.01,0,-0.13,0.26,-0.11,-0.09,0.07,0.16,-0.08,0,0,0.07,1.67
-0.05,0.07,0,0,0,0,0.69,-0.02,-0.11,0.37,0,-0.26,-0.36,0,0,0.36,0.84
-0.01,-0.48,0,0,0,0,1.09,-0.5,-0.09,0.65,0.31,0.12,-0.22,0,-0.52,0.36,0.44
-0.03,0.05,0,0,0.03,0,0.86,-0.25,0,0.49,0.01,-0.2,-0.41,0,-0.04,0.54,1.74
-0.09,0.14,0,0,0,0,1.34,-0.46,-0.12,0.64,-0.03,-0.29,-0.27,0,0,0.96,3.44
-0.08,0.1,0,0,0,0,1.26,-0.31,-0.12,0.66,-0.03,-0.09,-0.37,0,0,1.09,5.51
-0.05,0.03,0,0,0,0,1.02,-0.19,-0.12,0.52,-0.03,-0.03,-0.33,0,0,0.88,0.42
0,0,0,0,0,0,1.8,-0.2,0,0.69,0,-0.23,-0.29,0,0,1.77,1.93
0.01,0,0,0,0,0,1.77,0.18,0,0.76,0,-0.13,-0.47,0,0,2.1,3
0.02,0,0,0,0,0,1.2,0.05,0.01,0.53,0,-0.06,-0.36,0,0,1.37,1.17
-0.28,0.76,0,0,1.75,0,0.92,-3.07,0.02,1.3,-0.01,-0.3,-1.86,0,3.26,2.77,1.27
0,-0.01,0,0,0,0,-0.31,0.56,0,-0.29,0.7,0,0.37,0,0,1.02,0.32
0,-0.01,0,0,0,0,-0.75,0.52,0.18,-0.46,0.12,0,0.48,0,0,0.06,0.56
-0.01,0.01,0,0,0,0,0.86,0.01,0,0.68,0,-0.56,-0.97,0,0,0.02,1.34
-0.03,-0.22,0,0,0,0,1.3,0.93,0.02,0.44,0,-0.36,-0.44,0,-0.34,1.33,0.94
0.14,-0.01,0,0,0,0,-1.34,0.24,0.13,-0.37,2.77,-0.33,-0.53,0,0,0.55,0.79
-0.17,-0.76,0,0,0.06,0,0.15,0.63,0.02,-0.07,0,1.11,0.61,-0.02,-0.76,0.96,0.0399999999999999
-0.4,-0.83,0,0,0.05,0,0.86,0.01,0.05,0.38,0,1.41,0.56,-0.02,-0.83,1.63,0.85
-0.08,0.02,0,0,-0.02,0,-0.41,1.11,0.06,-0.48,0.35,0.1,0.02,-0.03,0,0.72,0.73
-0.04,0.02,0,0,0,0,1.12,-0.17,0,0.81,0,0.25,-0.93,0,0,1.09,0.0600000000000001
-0.03,0.02,0,0,0,0,1.47,0.82,0,0.59,0,-0.03,-0.43,0,0,2.42,0.7
0.01,-0.17,0,0,0,0,-1.66,0.32,1.35,-0.58,1.45,0.04,-0.49,0,0,0.26,0.86
-0.01,0.19,0,0,0.09,0,2.29,-1.01,-0.02,1.37,-0.25,-0.02,-0.35,0,0,2.3,2
-0.03,0,0,0,0,0,0.64,0.22,0.01,0.32,-0.01,1.26,-0.28,0,0,2.16,0.52
0.01,-0.8,0,0,0.05,0,-1.58,2.16,0.19,-1.24,2.71,0.79,0.7,-0.12,-2.38,0.47,0.22
0.01,-0.17,0,0,-0.09,0,-2.11,2.22,0.26,-1.52,5.06,0.04,1.58,-0.12,-1.75,3.39,3.35
0.01,-0.17,0,0,0.01,0,-2.61,1.99,0.9,-1.97,2.08,0.02,1.2,0.12,0,1.57,1.57
0,-0.1,0,0,0.07,0,-0.62,0.79,0.53,-0.66,1.58,-0.2,0.67,0,-0.92,1.13,0.78
-0.28,-0.15,0,0,0.09,0,-2.39,0.16,1.91,-1.14,5.28,-0.89,0.56,0,0.06,3.48,3.73
-0.27,-0.15,0,0,0.08,0,-4.87,1.4,1.73,-2.91,6.17,-0.52,1.27,0,0.06,2.26,1.66
0.08,-0.18,0,0,0,0,-0.78,0.88,-0.15,-0.7,2.07,0.03,0.08,-0.01,-0.2,1.06,1.095
-0.04,0.06,0,0,0.29,0,0.83,-2.41,0,0.91,0.03,0.23,-1.27,0.09,1.15,-0.1,0.155
0,0.05,0,0,0.28,0,0.85,-2.33,-0.1,0.69,0.02,-0.05,-0.73,0.09,1.15,-0.09,0.15
-0.04,0.04,0,0,0.13,0,0.15,0.25,0.14,0.14,-0.01,-0.36,-0.66,0,0.87,0.69,0.275
0,0.02,0,0,0.38,0,-2.57,-1.82,0,-1.11,2.33,-0.09,-0.51,0.09,1.13,-2.17,2.61
-0.04,0.16,0,0,0.28,0,2.17,-2.81,-0.09,1.6,0.05,0.68,-1.34,0.09,1.15,1.92,2.26
0,0,0,0,0.31,0.14,-0.94,-0.25,-0.15,-0.68,0.14,-0.16,-0.48,0.09,1.14,-0.86,0.36
-0.01,-0.05,0,0,0.32,0,-1.38,-1.84,0.74,-0.25,1.25,-0.57,-0.56,0.09,1.11,-1.14,0.29
0,0.04,0,0,0.81,0,-1.32,0.76,0,-0.64,0.02,-0.14,0.58,0.13,-0.62,-0.41,0.115
0,0.03,0,0,0.3,0,-1.6,-1.93,-0.12,-0.33,0.01,-0.25,-0.41,0.09,1.13,-3.08,2.34
0,0.01,0,0,0.28,0,-2,-1.98,-0.07,-0.74,0.01,0.02,0.01,0.09,1.14,-3.23,2.995
0,0.01,0,0,0.29,0,0.64,-1.04,-0.09,0.29,0.06,-0.27,-0.73,0.09,1.06,0.32,0.11
-0.04,1.1,0,0,0.28,0,-0.48,-2.49,-0.01,0.4,4.08,0.88,-1.02,0.09,1.14,3.95,4.35
0,0.02,0,0,0.31,0,-0.18,-1.08,0.21,-0.13,-0.01,-0.13,0.33,0.09,-0.27,-0.84,0.685
-0.04,0.08,0,0,0.28,0,1.45,-1.61,-0.13,0.85,0.05,-0.21,-0.85,0.09,1.15,1.13,0.88
-0.01,-0.03,0,0,0.29,0,0.05,-1.21,-0.15,0.25,0.92,-0.61,-0.77,0.09,1.16,-0.04,0.48
0,-0.07,0,0,0.28,0,-0.83,-2.01,-0.13,0.09,1.92,-0.62,-0.88,0.09,1.15,-1.02,0.445
0,0.03,0,0,0.29,0,-3.15,-0.92,0.52,-1.66,4.98,0.15,-0.38,0.09,1.14,1.09,0.0550000000000002
0,-0.01,0,0,0.33,0,-2.19,-1.04,0.53,-1.17,1.38,-0.08,-0.37,0.09,1.13,-1.41,1.365
-0.2,0,0,0,0,0,0.41,-0.21,0,0.28,-0.65,0.91,-0.2,0,0,0.53,0.49
0,0,0,0,0,0,0.09,-0.19,0,0.1,0,0.99,0,0,0,0.99,0.47
0,0.08,0,0,0,0,0.97,-0.31,-0.01,0.78,0,-0.6,-0.94,0,0,-0.04,0.73
-0.22,0.2,0,0,0,0,2.21,-0.63,-0.02,1.45,0,-0.13,-0.99,0,0,2.1,0.52
0,-0.58,0,0,0,0,1.36,0.62,0.04,0.54,0.03,-0.4,-0.42,0,-0.65,0.54,0.87
-0.1,-0.03,0,0,0,0,-1.41,0,0.18,-0.38,0.27,-0.34,-0.5,0,0,-2.2,3.52
-0.21,-0.39,0,0,0.7,0,1.33,0.56,-0.01,0.54,0.04,1.14,-0.28,0.02,-0.28,3.37,1.37
-0.32,0.08,0,0,0,0,1.93,-0.37,-0.12,0.97,-0.42,-0.29,-0.46,0,0,1.31,0.38
-1.4,0.05,0,0,0,0,3.3,-1.46,-0.13,1.89,-0.45,-0.1,-1.05,0,0,2.05,1.05
-0.86,1.61,0,0,0.05,0,1.26,-1.72,-0.01,0.98,-0.11,1.02,-1.88,0,1.57,2.76,1.69
-0.08,0.71,0,0,-0.12,0,0.16,-0.43,-0.22,0.17,0,0.01,-0.67,0,0.72,0.31,0.73
0.09,0.33,0,0,-0.12,0.05,-0.26,0.15,-0.15,-0.21,0.01,0.2,0.04,0,0.34,0.35,0.21
-2.01,1.09,0,0,0.13,0,3.48,-2.22,-1.52,2.07,-0.06,-0.95,-2.26,0,0.88,0.63,0.39
0.02,0.11,0,0,-0.18,0,2.18,-1.05,-1.35,1.44,1.61,-0.25,-1.44,0,0.99,2.05,0.42
-0.56,0.88,0,0,0.04,0,0.52,-2.06,-0.01,0.68,-0.28,-0.86,-1.27,0,1.78,-0.59,1.65
-0.49,0.8,0,0,-0.05,0,2.57,-1.41,-0.06,1.58,0.35,-0.58,-1.17,0,0.18,2.18,0.0499999999999998
-0.02,-0.07,0,0,-0.02,0,2.48,0.71,-1.32,1.14,-3.71,0.3,-0.38,0,2.05,1.16,0.36
0.03,-0.01,0,0,-0.21,0,1.57,-0.82,-0.02,0.98,0.08,0.12,-1.45,0,0.9,1.12,0.1
-0.02,-0.05,0,0,-0.63,0,1.17,1.13,-1.52,0.41,-2.77,-0.04,-0.21,0,0.24,-2.29,3.97
0.03,0,0,0,0.04,0,0.36,-0.05,0.08,-0.08,-0.13,0.2,-0.08,0,0.24,0.55,1.28
-0.9,0.36,0,0,0.04,0,1.54,-3.59,-0.09,1.77,-2.76,-0.58,-1.78,0,1.92,-3.18,6.84
0.01,-0.05,0,0,-0.01,0,1.64,0,-1.46,0.77,-2.7,0.47,-0.1,0,-0.66,-2.1,3.67
-0.06,-0.07,0,0,0.02,0,0.83,-1.19,-1.56,0.75,-2.67,0.42,-0.58,0,0.6,-3.46,4.55
-0.55,0.01,0,0,0.03,0,1.08,-0.17,0.01,0.6,-0.22,1.63,-0.34,0,0,2.64,1.24
0.17,-0.05,0,0,0.53,0,-1.22,-0.56,0.06,-0.6,0.38,0.42,0.3,0,0.73,-0.01,0.17
-0.78,0.91,0,0,0.1,0,1.75,-2.1,0.01,1.32,0.05,-1.2,-1.46,0,0.38,-0.24,1.1
-0.48,0.9,0,0,0.07,0,-0.25,-1.34,0,-0.01,0.02,-0.63,-0.69,0,0.88,-1.06,0.79
-0.31,-0.03,0,0,0.22,0,4.12,-1.2,-1.59,2.52,-6.25,0.33,-1.04,0,-0.98,-3.91,6.43
-0.64,0.91,0,0,-0.03,0,0.46,-0.66,-0.08,0.4,0,-0.12,-1.19,0,0.85,0.53,0.17
-0.11,0.11,0,0,-0.11,0,2.93,-1.06,-0.02,1.95,-3.18,-0.5,-0.84,0,0,-0.73,5.56
-0.02,0.01,0,0,-0.01,0,-0.18,-0.87,0.11,0.2,-1.48,0,-0.09,0,0.06,-2.25,1.98
-0.21,0.05,0,0,-0.06,0,1.9,-0.02,-0.64,0.85,0.04,-0.22,-0.23,0,-0.13,1.53,0.39
-0.12,0.07,0,0,0.12,0,2.95,-0.67,-1.39,1.43,0.04,-0.13,-1.03,0,0,1.38,2.32
-0.22,0.02,0,0,0.01,0,1.03,-0.44,-0.01,0.59,-0.4,-0.02,-0.02,0,0,0.76,1.05
